Month,Day,Year,Covid,Day of Week,Holiday,Season,Previous Year Sales,Label
9,28,2016,0,Wednesday,1,Fall,0,1
9,29,2016,0,Thursday,1,Fall,0,0
9,30,2016,0,Friday,1,Fall,0,0
10,1,2016,0,Saturday,1,Fall,0,0
10,2,2016,0,Sunday,1,Fall,0,0
10,3,2016,0,Monday,1,Fall,0,0
10,4,2016,0,Tuesday,1,Fall,0,1
10,5,2016,0,Wednesday,1,Fall,0,0
10,6,2016,0,Thursday,1,Fall,0,0
10,7,2016,0,Friday,1,Fall,0,0
10,8,2016,0,Saturday,1,Fall,0,0
10,9,2016,0,Sunday,1,Fall,0,0
10,10,2016,0,Monday,1,Fall,0,0
10,11,2016,0,Tuesday,1,Fall,0,1
10,12,2016,0,Wednesday,1,Fall,0,0
10,13,2016,0,Thursday,1,Fall,0,1
10,14,2016,0,Friday,1,Fall,0,0
10,15,2016,0,Saturday,1,Fall,0,0
10,16,2016,0,Sunday,1,Fall,0,0
10,17,2016,0,Monday,1,Fall,0,1
10,18,2016,0,Tuesday,1,Fall,0,0
10,19,2016,0,Wednesday,1,Fall,0,0
10,20,2016,0,Thursday,1,Fall,0,0
10,21,2016,0,Friday,1,Fall,0,0
10,22,2016,0,Saturday,1,Fall,0,0
10,23,2016,0,Sunday,1,Fall,0,0
10,24,2016,0,Monday,1,Fall,0,1
10,25,2016,0,Tuesday,1,Fall,0,0
10,26,2016,0,Wednesday,1,Fall,0,1
10,27,2016,0,Thursday,1,Fall,0,0
10,28,2016,0,Friday,1,Fall,0,0
10,29,2016,0,Saturday,1,Fall,0,0
10,30,2016,0,Sunday,1,Fall,0,0
10,31,2016,0,Monday,1,Fall,0,1
11,1,2016,0,Tuesday,1,Fall,0,0
11,2,2016,0,Wednesday,1,Fall,0,1
11,3,2016,0,Thursday,1,Fall,0,0
11,4,2016,0,Friday,1,Fall,0,0
11,5,2016,0,Saturday,1,Fall,0,0
11,6,2016,0,Sunday,1,Fall,0,0
11,7,2016,0,Monday,1,Fall,0,0
11,8,2016,0,Tuesday,1,Fall,0,4
11,9,2016,0,Wednesday,1,Fall,0,2
11,10,2016,0,Thursday,1,Fall,0,0
11,11,2016,0,Friday,1,Fall,0,0
11,12,2016,0,Saturday,1,Fall,0,0
11,13,2016,0,Sunday,1,Fall,0,0
11,14,2016,0,Monday,1,Fall,0,0
11,15,2016,0,Tuesday,1,Fall,0,8
11,16,2016,0,Wednesday,1,Fall,0,1
11,17,2016,0,Thursday,1,Fall,0,2
11,18,2016,0,Friday,1,Fall,0,1
11,19,2016,0,Saturday,1,Fall,0,0
11,20,2016,0,Sunday,1,Fall,0,0
11,21,2016,0,Monday,1,Fall,0,4
11,22,2016,0,Tuesday,1,Fall,0,0
11,23,2016,0,Wednesday,1,Fall,0,0
11,24,2016,0,Thursday,1,Fall,0,0
11,25,2016,0,Friday,1,Fall,0,0
11,26,2016,0,Saturday,1,Fall,0,0
11,27,2016,0,Sunday,1,Fall,0,0
11,28,2016,0,Monday,1,Fall,0,14
11,29,2016,0,Tuesday,1,Fall,0,5
11,30,2016,0,Wednesday,1,Fall,0,2
12,1,2016,0,Thursday,1,Fall,0,0
12,2,2016,0,Friday,1,Fall,0,2
12,3,2016,0,Saturday,1,Fall,0,0
12,4,2016,0,Sunday,1,Fall,0,0
12,5,2016,0,Monday,1,Fall,0,0
12,6,2016,0,Tuesday,1,Fall,0,12
12,7,2016,0,Wednesday,1,Fall,0,1
12,8,2016,0,Thursday,1,Fall,0,2
12,9,2016,0,Friday,1,Fall,0,0
12,10,2016,0,Saturday,1,Fall,0,0
12,11,2016,0,Sunday,1,Fall,0,0
12,12,2016,0,Monday,1,Fall,0,9
12,13,2016,0,Tuesday,1,Fall,0,4
12,14,2016,0,Wednesday,1,Fall,0,6
12,15,2016,0,Thursday,1,Fall,0,3
12,16,2016,0,Friday,1,Fall,0,1
12,17,2016,0,Saturday,1,Fall,0,0
12,18,2016,0,Sunday,1,Fall,0,0
12,19,2016,0,Monday,1,Fall,0,5
12,20,2016,0,Tuesday,1,Fall,0,1
12,21,2016,0,Wednesday,1,Fall,0,0
12,22,2016,0,Thursday,1,Winter,0,2
12,23,2016,0,Friday,1,Winter,0,2
12,24,2016,0,Saturday,1,Winter,0,0
12,25,2016,0,Sunday,1,Winter,0,0
12,26,2016,0,Monday,1,Winter,0,0
12,27,2016,0,Tuesday,1,Winter,0,2
12,28,2016,0,Wednesday,1,Winter,0,0
12,29,2016,0,Thursday,1,Winter,0,0
12,30,2016,0,Friday,1,Winter,0,0
12,31,2016,0,Saturday,1,Winter,0,0
1,1,2017,0,Sunday,0,Winter,0,4
1,2,2017,0,Monday,0,Winter,0,0
1,3,2017,0,Tuesday,0,Winter,0,2
1,4,2017,0,Wednesday,0,Winter,0,1
1,5,2017,0,Thursday,0,Winter,0,0
1,6,2017,0,Friday,0,Winter,0,2
1,7,2017,0,Saturday,0,Winter,0,0
1,8,2017,0,Sunday,0,Winter,0,0
1,9,2017,0,Monday,0,Winter,0,3
1,10,2017,0,Tuesday,0,Winter,0,1
1,11,2017,0,Wednesday,0,Winter,0,1
1,12,2017,0,Thursday,0,Winter,0,1
1,13,2017,0,Friday,0,Winter,0,2
1,14,2017,0,Saturday,0,Winter,0,0
1,15,2017,0,Sunday,0,Winter,0,0
1,16,2017,0,Monday,0,Winter,0,0
1,17,2017,0,Tuesday,0,Winter,0,4
1,18,2017,0,Wednesday,0,Winter,0,0
1,19,2017,0,Thursday,0,Winter,0,1
1,20,2017,0,Friday,0,Winter,0,0
1,21,2017,0,Saturday,0,Winter,0,0
1,22,2017,0,Sunday,0,Winter,0,0
1,23,2017,0,Monday,0,Winter,0,2
1,24,2017,0,Tuesday,0,Winter,0,0
1,25,2017,0,Wednesday,0,Winter,0,0
1,26,2017,0,Thursday,0,Winter,0,0
1,27,2017,0,Friday,0,Winter,0,1
1,28,2017,0,Saturday,0,Winter,0,0
1,29,2017,0,Sunday,0,Winter,0,0
1,30,2017,0,Monday,0,Winter,0,2
1,31,2017,0,Tuesday,0,Winter,0,1
2,1,2017,0,Wednesday,0,Winter,0,0
2,2,2017,0,Thursday,0,Winter,0,0
2,3,2017,0,Friday,0,Winter,0,2
2,4,2017,0,Saturday,0,Winter,0,0
2,5,2017,0,Sunday,0,Winter,0,0
2,6,2017,0,Monday,0,Winter,0,2
2,7,2017,0,Tuesday,0,Winter,0,3
2,8,2017,0,Wednesday,0,Winter,0,2
2,9,2017,0,Thursday,0,Winter,0,0
2,10,2017,0,Friday,0,Winter,0,1
2,11,2017,0,Saturday,0,Winter,0,0
2,12,2017,0,Sunday,0,Winter,0,0
2,13,2017,0,Monday,0,Winter,0,1
2,14,2017,0,Tuesday,0,Winter,0,3
2,15,2017,0,Wednesday,0,Winter,0,1
2,16,2017,0,Thursday,0,Winter,0,1
2,17,2017,0,Friday,0,Winter,0,0
2,18,2017,0,Saturday,0,Winter,0,0
2,19,2017,0,Sunday,0,Winter,0,0
2,20,2017,0,Monday,0,Winter,0,2
2,21,2017,0,Tuesday,0,Winter,0,2
2,22,2017,0,Wednesday,0,Winter,0,0
2,23,2017,0,Thursday,0,Winter,0,0
2,24,2017,0,Friday,0,Winter,0,1
2,25,2017,0,Saturday,0,Winter,0,0
2,26,2017,0,Sunday,0,Winter,0,0
2,27,2017,0,Monday,0,Winter,0,2
2,28,2017,0,Tuesday,0,Winter,0,0
3,1,2017,0,Wednesday,0,Winter,0,1
3,2,2017,0,Thursday,0,Winter,0,0
3,3,2017,0,Friday,0,Winter,0,0
3,4,2017,0,Saturday,0,Winter,0,0
3,5,2017,0,Sunday,0,Winter,0,0
3,6,2017,0,Monday,0,Winter,0,2
3,7,2017,0,Tuesday,0,Winter,0,2
3,8,2017,0,Wednesday,0,Winter,0,2
3,9,2017,0,Thursday,0,Winter,0,1
3,10,2017,0,Friday,0,Winter,0,1
3,11,2017,0,Saturday,0,Winter,0,0
3,12,2017,0,Sunday,0,Winter,0,0
3,13,2017,0,Monday,0,Winter,0,1
3,14,2017,0,Tuesday,0,Winter,0,1
3,15,2017,0,Wednesday,0,Winter,0,0
3,16,2017,0,Thursday,0,Winter,0,0
3,17,2017,0,Friday,0,Winter,0,0
3,18,2017,0,Saturday,0,Winter,0,0
3,19,2017,0,Sunday,0,Winter,0,0
3,20,2017,0,Monday,0,Winter,0,2
3,21,2017,0,Tuesday,0,Spring,0,0
3,22,2017,0,Wednesday,0,Spring,0,2
3,23,2017,0,Thursday,0,Spring,0,2
3,24,2017,0,Friday,0,Spring,0,0
3,25,2017,0,Saturday,0,Spring,0,0
3,26,2017,0,Sunday,0,Spring,0,0
3,27,2017,0,Monday,0,Spring,0,4
3,28,2017,0,Tuesday,0,Spring,0,1
3,29,2017,0,Wednesday,0,Spring,0,1
3,30,2017,0,Thursday,0,Spring,0,1
3,31,2017,0,Friday,0,Spring,0,0
4,1,2017,0,Saturday,0,Spring,0,0
4,2,2017,0,Sunday,0,Spring,0,0
4,3,2017,0,Monday,0,Spring,0,1
4,4,2017,0,Tuesday,0,Spring,0,2
4,5,2017,0,Wednesday,0,Spring,0,1
4,6,2017,0,Thursday,0,Spring,0,1
4,7,2017,0,Friday,0,Spring,0,0
4,8,2017,0,Saturday,0,Spring,0,0
4,9,2017,0,Sunday,0,Spring,0,0
4,10,2017,0,Monday,0,Spring,0,0
4,11,2017,0,Tuesday,0,Spring,0,3
4,12,2017,0,Wednesday,0,Spring,0,5
4,13,2017,0,Thursday,0,Spring,0,1
4,14,2017,0,Friday,0,Spring,0,0
4,15,2017,0,Saturday,0,Spring,0,0
4,16,2017,0,Sunday,0,Spring,0,0
4,17,2017,0,Monday,0,Spring,0,3
4,18,2017,0,Tuesday,0,Spring,0,1
4,19,2017,0,Wednesday,0,Spring,0,1
4,20,2017,0,Thursday,0,Spring,0,0
4,21,2017,0,Friday,0,Spring,0,0
4,22,2017,0,Saturday,0,Spring,0,0
4,23,2017,0,Sunday,0,Spring,0,0
4,24,2017,0,Monday,0,Spring,0,2
4,25,2017,0,Tuesday,0,Spring,0,2
4,26,2017,0,Wednesday,0,Spring,0,0
4,27,2017,0,Thursday,0,Spring,0,0
4,28,2017,0,Friday,0,Spring,0,0
4,29,2017,0,Saturday,0,Spring,0,0
4,30,2017,0,Sunday,0,Spring,0,0
5,1,2017,0,Monday,0,Spring,0,5
5,2,2017,0,Tuesday,0,Spring,0,0
5,3,2017,0,Wednesday,0,Spring,0,0
5,4,2017,0,Thursday,0,Spring,0,2
5,5,2017,0,Friday,0,Spring,0,0
5,6,2017,0,Saturday,0,Spring,0,0
5,7,2017,0,Sunday,0,Spring,0,0
5,8,2017,0,Monday,0,Spring,0,6
5,9,2017,0,Tuesday,0,Spring,0,0
5,10,2017,0,Wednesday,0,Spring,0,1
5,11,2017,0,Thursday,0,Spring,0,1
5,12,2017,0,Friday,0,Spring,0,0
5,13,2017,0,Saturday,0,Spring,0,0
5,14,2017,0,Sunday,0,Spring,0,0
5,15,2017,0,Monday,0,Spring,0,0
5,16,2017,0,Tuesday,0,Spring,0,0
5,17,2017,0,Wednesday,0,Spring,0,0
5,18,2017,0,Thursday,0,Spring,0,0
5,19,2017,0,Friday,0,Spring,0,0
5,20,2017,0,Saturday,0,Spring,0,0
5,21,2017,0,Sunday,0,Spring,0,0
5,22,2017,0,Monday,0,Spring,0,8
5,23,2017,0,Tuesday,0,Spring,0,1
5,24,2017,0,Wednesday,0,Spring,0,0
5,25,2017,0,Thursday,0,Spring,0,1
5,26,2017,0,Friday,0,Spring,0,2
5,27,2017,0,Saturday,0,Spring,0,0
5,28,2017,0,Sunday,0,Spring,0,0
5,29,2017,0,Monday,0,Spring,0,0
5,30,2017,0,Tuesday,0,Spring,0,1
5,31,2017,0,Wednesday,0,Spring,0,0
6,1,2017,0,Thursday,0,Spring,0,1
6,2,2017,0,Friday,0,Spring,0,2
6,3,2017,0,Saturday,0,Spring,0,0
6,4,2017,0,Sunday,0,Spring,0,0
6,5,2017,0,Monday,0,Spring,0,3
6,6,2017,0,Tuesday,0,Spring,0,2
6,7,2017,0,Wednesday,0,Spring,0,1
6,8,2017,0,Thursday,0,Spring,0,0
6,9,2017,0,Friday,0,Spring,0,0
6,10,2017,0,Saturday,0,Spring,0,0
6,11,2017,0,Sunday,0,Spring,0,0
6,12,2017,0,Monday,0,Spring,0,3
6,13,2017,0,Tuesday,0,Spring,0,2
6,14,2017,0,Wednesday,0,Spring,0,0
6,15,2017,0,Thursday,0,Spring,0,0
6,16,2017,0,Friday,0,Spring,0,0
6,17,2017,0,Saturday,0,Spring,0,0
6,18,2017,0,Sunday,0,Spring,0,0
6,19,2017,0,Monday,0,Spring,0,3
6,20,2017,0,Tuesday,0,Spring,0,0
6,21,2017,0,Wednesday,0,Spring,0,0
6,22,2017,0,Thursday,0,Summer,0,2
6,23,2017,0,Friday,0,Summer,0,1
6,24,2017,0,Saturday,0,Summer,0,0
6,25,2017,0,Sunday,0,Summer,0,0
6,26,2017,0,Monday,0,Summer,0,0
6,27,2017,0,Tuesday,0,Summer,0,0
6,28,2017,0,Wednesday,0,Summer,0,0
6,29,2017,0,Thursday,0,Summer,0,1
6,30,2017,0,Friday,0,Summer,0,0
7,1,2017,0,Saturday,0,Summer,0,0
7,2,2017,0,Sunday,0,Summer,0,0
7,3,2017,0,Monday,0,Summer,0,0
7,4,2017,0,Tuesday,0,Summer,0,0
7,5,2017,0,Wednesday,0,Summer,0,5
7,6,2017,0,Thursday,0,Summer,0,1
7,7,2017,0,Friday,0,Summer,0,0
7,8,2017,0,Saturday,0,Summer,0,0
7,9,2017,0,Sunday,0,Summer,0,0
7,10,2017,0,Monday,0,Summer,0,4
7,11,2017,0,Tuesday,0,Summer,0,2
7,12,2017,0,Wednesday,0,Summer,0,0
7,13,2017,0,Thursday,0,Summer,0,0
7,14,2017,0,Friday,0,Summer,0,1
7,15,2017,0,Saturday,0,Summer,0,0
7,16,2017,0,Sunday,0,Summer,0,0
7,17,2017,0,Monday,0,Summer,0,3
7,18,2017,0,Tuesday,0,Summer,0,3
7,19,2017,0,Wednesday,0,Summer,0,1
7,20,2017,0,Thursday,0,Summer,0,0
7,21,2017,0,Friday,0,Summer,0,1
7,22,2017,0,Saturday,0,Summer,0,0
7,23,2017,0,Sunday,0,Summer,0,0
7,24,2017,0,Monday,0,Summer,0,2
7,25,2017,0,Tuesday,0,Summer,0,0
7,26,2017,0,Wednesday,0,Summer,0,2
7,27,2017,0,Thursday,0,Summer,0,1
7,28,2017,0,Friday,0,Summer,0,0
7,29,2017,0,Saturday,0,Summer,0,0
7,30,2017,0,Sunday,0,Summer,0,0
7,31,2017,0,Monday,0,Summer,0,6
8,1,2017,0,Tuesday,0,Summer,0,2
8,2,2017,0,Wednesday,0,Summer,0,2
8,3,2017,0,Thursday,0,Summer,0,0
8,4,2017,0,Friday,0,Summer,0,2
8,5,2017,0,Saturday,0,Summer,0,0
8,6,2017,0,Sunday,0,Summer,0,0
8,7,2017,0,Monday,0,Summer,0,5
8,8,2017,0,Tuesday,0,Summer,0,0
8,9,2017,0,Wednesday,0,Summer,0,4
8,10,2017,0,Thursday,0,Summer,0,0
8,11,2017,0,Friday,0,Summer,0,3
8,12,2017,0,Saturday,0,Summer,0,0
8,13,2017,0,Sunday,0,Summer,0,0
8,14,2017,0,Monday,0,Summer,0,6
8,15,2017,0,Tuesday,0,Summer,0,1
8,16,2017,0,Wednesday,0,Summer,0,2
8,17,2017,0,Thursday,0,Summer,0,0
8,18,2017,0,Friday,0,Summer,0,0
8,19,2017,0,Saturday,0,Summer,0,7
8,20,2017,0,Sunday,0,Summer,0,0
8,21,2017,0,Monday,0,Summer,0,1
8,22,2017,0,Tuesday,0,Summer,0,0
8,23,2017,0,Wednesday,0,Summer,0,0
8,24,2017,0,Thursday,0,Summer,0,0
8,25,2017,0,Friday,0,Summer,0,0
8,26,2017,0,Saturday,0,Summer,0,7
8,27,2017,0,Sunday,0,Summer,0,0
8,28,2017,0,Monday,0,Summer,0,1
8,29,2017,0,Tuesday,0,Summer,0,2
8,30,2017,0,Wednesday,0,Summer,0,2
8,31,2017,0,Thursday,0,Summer,0,0
9,1,2017,0,Friday,1,Summer,0,2
9,2,2017,0,Saturday,1,Summer,0,0
9,3,2017,0,Sunday,1,Summer,0,0
9,4,2017,0,Monday,1,Summer,0,0
9,5,2017,0,Tuesday,1,Summer,0,6
9,6,2017,0,Wednesday,1,Summer,0,2
9,7,2017,0,Thursday,1,Summer,0,2
9,8,2017,0,Friday,1,Summer,0,1
9,9,2017,0,Saturday,1,Summer,0,0
9,10,2017,0,Sunday,1,Summer,0,0
9,11,2017,0,Monday,1,Summer,0,10
9,12,2017,0,Tuesday,1,Summer,0,3
9,13,2017,0,Wednesday,1,Summer,0,1
9,14,2017,0,Thursday,1,Summer,0,1
9,15,2017,0,Friday,1,Summer,0,0
9,16,2017,0,Saturday,1,Summer,0,0
9,17,2017,0,Sunday,1,Summer,0,0
9,18,2017,0,Monday,1,Summer,0,10
9,19,2017,0,Tuesday,1,Summer,0,4
9,20,2017,0,Wednesday,1,Summer,0,7
9,21,2017,0,Thursday,1,Summer,0,0
9,22,2017,0,Friday,1,Summer,0,3
9,23,2017,0,Saturday,1,Summer,0,0
9,24,2017,0,Sunday,1,Fall,0,0
9,25,2017,0,Monday,1,Fall,0,7
9,26,2017,0,Tuesday,1,Fall,0,0
9,27,2017,0,Wednesday,1,Fall,0,1
9,28,2017,0,Thursday,1,Fall,1,0
9,29,2017,0,Friday,1,Fall,0,0
9,30,2017,0,Saturday,1,Fall,0,0
10,1,2017,0,Sunday,1,Fall,0,0
10,2,2017,0,Monday,1,Fall,0,10
10,3,2017,0,Tuesday,1,Fall,0,2
10,4,2017,0,Wednesday,1,Fall,1,2
10,5,2017,0,Thursday,1,Fall,0,6
10,6,2017,0,Friday,1,Fall,0,5
10,7,2017,0,Saturday,1,Fall,0,0
10,8,2017,0,Sunday,1,Fall,0,0
10,9,2017,0,Monday,1,Fall,0,9
10,10,2017,0,Tuesday,1,Fall,0,3
10,11,2017,0,Wednesday,1,Fall,1,5
10,12,2017,0,Thursday,1,Fall,0,0
10,13,2017,0,Friday,1,Fall,1,0
10,14,2017,0,Saturday,1,Fall,0,0
10,15,2017,0,Sunday,1,Fall,0,0
10,16,2017,0,Monday,1,Fall,0,16
10,17,2017,0,Tuesday,1,Fall,1,3
10,18,2017,0,Wednesday,1,Fall,0,0
10,19,2017,0,Thursday,1,Fall,0,0
10,20,2017,0,Friday,1,Fall,0,7
10,21,2017,0,Saturday,1,Fall,0,0
10,22,2017,0,Sunday,1,Fall,0,0
10,23,2017,0,Monday,1,Fall,0,11
10,24,2017,0,Tuesday,1,Fall,1,5
10,25,2017,0,Wednesday,1,Fall,0,1
10,26,2017,0,Thursday,1,Fall,1,3
10,27,2017,0,Friday,1,Fall,0,6
10,28,2017,0,Saturday,1,Fall,0,0
10,29,2017,0,Sunday,1,Fall,0,0
10,30,2017,0,Monday,1,Fall,0,11
10,31,2017,0,Tuesday,1,Fall,1,8
11,1,2017,0,Wednesday,1,Fall,0,1
11,2,2017,0,Thursday,1,Fall,1,0
11,3,2017,0,Friday,1,Fall,0,2
11,4,2017,0,Saturday,1,Fall,0,0
11,5,2017,0,Sunday,1,Fall,0,0
11,6,2017,0,Monday,1,Fall,0,1
11,7,2017,0,Tuesday,1,Fall,0,0
11,8,2017,0,Wednesday,1,Fall,4,0
11,9,2017,0,Thursday,1,Fall,2,0
11,10,2017,0,Friday,1,Fall,0,0
11,11,2017,0,Saturday,1,Fall,0,0
11,12,2017,0,Sunday,1,Fall,0,0
11,13,2017,0,Monday,1,Fall,0,0
11,14,2017,0,Tuesday,1,Fall,0,0
11,15,2017,0,Wednesday,1,Fall,8,0
11,16,2017,0,Thursday,1,Fall,1,0
11,17,2017,0,Friday,1,Fall,2,0
11,18,2017,0,Saturday,1,Fall,1,0
11,19,2017,0,Sunday,1,Fall,0,0
11,20,2017,0,Monday,1,Fall,0,4
11,21,2017,0,Tuesday,1,Fall,4,3
11,22,2017,0,Wednesday,1,Fall,0,0
11,23,2017,0,Thursday,1,Fall,0,0
11,24,2017,0,Friday,1,Fall,0,0
11,25,2017,0,Saturday,1,Fall,0,0
11,26,2017,0,Sunday,1,Fall,0,0
11,27,2017,0,Monday,1,Fall,0,14
11,28,2017,0,Tuesday,1,Fall,14,4
11,29,2017,0,Wednesday,1,Fall,5,6
11,30,2017,0,Thursday,1,Fall,2,0
12,1,2017,0,Friday,1,Fall,0,4
12,2,2017,0,Saturday,1,Fall,2,0
12,3,2017,0,Sunday,1,Fall,0,0
12,4,2017,0,Monday,1,Fall,0,13
12,5,2017,0,Tuesday,1,Fall,0,6
12,6,2017,0,Wednesday,1,Fall,12,5
12,7,2017,0,Thursday,1,Fall,1,2
12,8,2017,0,Friday,1,Fall,2,4
12,9,2017,0,Saturday,1,Fall,0,0
12,10,2017,0,Sunday,1,Fall,0,0
12,11,2017,0,Monday,1,Fall,0,11
12,12,2017,0,Tuesday,1,Fall,9,2
12,13,2017,0,Wednesday,1,Fall,4,2
12,14,2017,0,Thursday,1,Fall,6,6
12,15,2017,0,Friday,1,Fall,3,1
12,16,2017,0,Saturday,1,Fall,1,0
12,17,2017,0,Sunday,1,Fall,0,0
12,18,2017,0,Monday,1,Fall,0,0
12,19,2017,0,Tuesday,1,Fall,5,0
12,20,2017,0,Wednesday,1,Fall,1,0
12,21,2017,0,Thursday,1,Fall,0,11
12,22,2017,0,Friday,1,Winter,2,0
12,23,2017,0,Saturday,1,Winter,2,0
12,24,2017,0,Sunday,1,Winter,0,0
12,25,2017,0,Monday,1,Winter,0,0
12,26,2017,0,Tuesday,1,Winter,0,0
12,27,2017,0,Wednesday,1,Winter,2,7
12,28,2017,0,Thursday,1,Winter,0,3
12,29,2017,0,Friday,1,Winter,0,2
12,30,2017,0,Saturday,1,Winter,0,0
12,31,2017,0,Sunday,1,Winter,0,0
1,1,2018,0,Monday,0,Winter,4,0
1,2,2018,0,Tuesday,0,Winter,0,10
1,3,2018,0,Wednesday,0,Winter,2,3
1,4,2018,0,Thursday,0,Winter,1,2
1,5,2018,0,Friday,0,Winter,0,4
1,6,2018,0,Saturday,0,Winter,2,0
1,7,2018,0,Sunday,0,Winter,0,0
1,8,2018,0,Monday,0,Winter,0,9
1,9,2018,0,Tuesday,0,Winter,3,1
1,10,2018,0,Wednesday,0,Winter,1,1
1,11,2018,0,Thursday,0,Winter,1,1
1,12,2018,0,Friday,0,Winter,1,3
1,13,2018,0,Saturday,0,Winter,2,0
1,14,2018,0,Sunday,0,Winter,0,0
1,15,2018,0,Monday,0,Winter,0,0
1,16,2018,0,Tuesday,0,Winter,0,4
1,17,2018,0,Wednesday,0,Winter,4,1
1,18,2018,0,Thursday,0,Winter,0,1
1,19,2018,0,Friday,0,Winter,1,4
1,20,2018,0,Saturday,0,Winter,0,0
1,21,2018,0,Sunday,0,Winter,0,0
1,22,2018,0,Monday,0,Winter,0,2
1,23,2018,0,Tuesday,0,Winter,2,1
1,24,2018,0,Wednesday,0,Winter,0,1
1,25,2018,0,Thursday,0,Winter,0,1
1,26,2018,0,Friday,0,Winter,0,2
1,27,2018,0,Saturday,0,Winter,1,0
1,28,2018,0,Sunday,0,Winter,0,0
1,29,2018,0,Monday,0,Winter,0,6
1,30,2018,0,Tuesday,0,Winter,2,1
1,31,2018,0,Wednesday,0,Winter,1,2
2,1,2018,0,Thursday,0,Winter,0,2
2,2,2018,0,Friday,0,Winter,0,1
2,3,2018,0,Saturday,0,Winter,2,0
2,4,2018,0,Sunday,0,Winter,0,0
2,5,2018,0,Monday,0,Winter,0,3
2,6,2018,0,Tuesday,0,Winter,2,0
2,7,2018,0,Wednesday,0,Winter,3,1
2,8,2018,0,Thursday,0,Winter,2,0
2,9,2018,0,Friday,0,Winter,0,2
2,10,2018,0,Saturday,0,Winter,1,0
2,11,2018,0,Sunday,0,Winter,0,0
2,12,2018,0,Monday,0,Winter,0,9
2,13,2018,0,Tuesday,0,Winter,1,1
2,14,2018,0,Wednesday,0,Winter,3,2
2,15,2018,0,Thursday,0,Winter,1,2
2,16,2018,0,Friday,0,Winter,1,0
2,17,2018,0,Saturday,0,Winter,0,0
2,18,2018,0,Sunday,0,Winter,0,0
2,19,2018,0,Monday,0,Winter,0,3
2,20,2018,0,Tuesday,0,Winter,2,0
2,21,2018,0,Wednesday,0,Winter,2,0
2,22,2018,0,Thursday,0,Winter,0,4
2,23,2018,0,Friday,0,Winter,0,3
2,24,2018,0,Saturday,0,Winter,1,0
2,25,2018,0,Sunday,0,Winter,0,0
2,26,2018,0,Monday,0,Winter,0,1
2,27,2018,0,Tuesday,0,Winter,2,2
2,28,2018,0,Wednesday,0,Winter,0,0
3,1,2018,0,Thursday,0,Winter,1,1
3,2,2018,0,Friday,0,Winter,0,3
3,3,2018,0,Saturday,0,Winter,0,0
3,4,2018,0,Sunday,0,Winter,0,0
3,5,2018,0,Monday,0,Winter,0,4
3,6,2018,0,Tuesday,0,Winter,2,4
3,7,2018,0,Wednesday,0,Winter,2,0
3,8,2018,0,Thursday,0,Winter,2,0
3,9,2018,0,Friday,0,Winter,1,2
3,10,2018,0,Saturday,0,Winter,1,0
3,11,2018,0,Sunday,0,Winter,0,0
3,12,2018,0,Monday,0,Winter,0,6
3,13,2018,0,Tuesday,0,Winter,1,0
3,14,2018,0,Wednesday,0,Winter,1,3
3,15,2018,0,Thursday,0,Winter,0,5
3,16,2018,0,Friday,0,Winter,0,0
3,17,2018,0,Saturday,0,Winter,0,0
3,18,2018,0,Sunday,0,Winter,0,0
3,19,2018,0,Monday,0,Winter,0,8
3,20,2018,0,Tuesday,0,Winter,2,0
3,21,2018,0,Wednesday,0,Spring,0,3
3,22,2018,0,Thursday,0,Spring,2,2
3,23,2018,0,Friday,0,Spring,2,3
3,24,2018,0,Saturday,0,Spring,0,0
3,25,2018,0,Sunday,0,Spring,0,0
3,26,2018,0,Monday,0,Spring,0,5
3,27,2018,0,Tuesday,0,Spring,4,4
3,28,2018,0,Wednesday,0,Spring,1,2
3,29,2018,0,Thursday,0,Spring,1,0
3,30,2018,0,Friday,0,Spring,1,0
3,31,2018,0,Saturday,0,Spring,0,0
4,1,2018,0,Sunday,0,Spring,0,0
4,2,2018,0,Monday,0,Spring,0,9
4,3,2018,0,Tuesday,0,Spring,1,3
4,4,2018,0,Wednesday,0,Spring,2,1
4,5,2018,0,Thursday,0,Spring,1,0
4,6,2018,0,Friday,0,Spring,1,0
4,7,2018,0,Saturday,0,Spring,0,0
4,8,2018,0,Sunday,0,Spring,0,0
4,9,2018,0,Monday,0,Spring,0,0
4,10,2018,0,Tuesday,0,Spring,0,10
4,11,2018,0,Wednesday,0,Spring,3,2
4,12,2018,0,Thursday,0,Spring,5,4
4,13,2018,0,Friday,0,Spring,1,0
4,14,2018,0,Saturday,0,Spring,0,0
4,15,2018,0,Sunday,0,Spring,0,0
4,16,2018,0,Monday,0,Spring,0,7
4,17,2018,0,Tuesday,0,Spring,3,0
4,18,2018,0,Wednesday,0,Spring,1,3
4,19,2018,0,Thursday,0,Spring,1,0
4,20,2018,0,Friday,0,Spring,0,0
4,21,2018,0,Saturday,0,Spring,0,0
4,22,2018,0,Sunday,0,Spring,0,0
4,23,2018,0,Monday,0,Spring,0,3
4,24,2018,0,Tuesday,0,Spring,2,0
4,25,2018,0,Wednesday,0,Spring,2,0
4,26,2018,0,Thursday,0,Spring,0,2
4,27,2018,0,Friday,0,Spring,0,0
4,28,2018,0,Saturday,0,Spring,0,0
4,29,2018,0,Sunday,0,Spring,0,0
4,30,2018,0,Monday,0,Spring,0,3
5,1,2018,0,Tuesday,0,Spring,5,3
5,2,2018,0,Wednesday,0,Spring,0,0
5,3,2018,0,Thursday,0,Spring,0,1
5,4,2018,0,Friday,0,Spring,2,3
5,5,2018,0,Saturday,0,Spring,0,0
5,6,2018,0,Sunday,0,Spring,0,0
5,7,2018,0,Monday,0,Spring,0,0
5,8,2018,0,Tuesday,0,Spring,6,2
5,9,2018,0,Wednesday,0,Spring,0,2
5,10,2018,0,Thursday,0,Spring,1,1
5,11,2018,0,Friday,0,Spring,1,0
5,12,2018,0,Saturday,0,Spring,0,0
5,13,2018,0,Sunday,0,Spring,0,0
5,14,2018,0,Monday,0,Spring,0,5
5,15,2018,0,Tuesday,0,Spring,0,0
5,16,2018,0,Wednesday,0,Spring,0,0
5,17,2018,0,Thursday,0,Spring,0,1
5,18,2018,0,Friday,0,Spring,0,0
5,19,2018,0,Saturday,0,Spring,0,0
5,20,2018,0,Sunday,0,Spring,0,0
5,21,2018,0,Monday,0,Spring,0,1
5,22,2018,0,Tuesday,0,Spring,8,1
5,23,2018,0,Wednesday,0,Spring,1,0
5,24,2018,0,Thursday,0,Spring,0,1
5,25,2018,0,Friday,0,Spring,1,2
5,26,2018,0,Saturday,0,Spring,2,1
5,27,2018,0,Sunday,0,Spring,0,4
5,28,2018,0,Monday,0,Spring,0,1
5,29,2018,0,Tuesday,0,Spring,0,4
5,30,2018,0,Wednesday,0,Spring,1,4
5,31,2018,0,Thursday,0,Spring,0,1
6,1,2018,0,Friday,0,Spring,1,0
6,2,2018,0,Saturday,0,Spring,2,0
6,3,2018,0,Sunday,0,Spring,0,1
6,4,2018,0,Monday,0,Spring,0,1
6,5,2018,0,Tuesday,0,Spring,3,1
6,6,2018,0,Wednesday,0,Spring,2,0
6,7,2018,0,Thursday,0,Spring,1,2
6,8,2018,0,Friday,0,Spring,0,3
6,9,2018,0,Saturday,0,Spring,0,0
6,10,2018,0,Sunday,0,Spring,0,0
6,11,2018,0,Monday,0,Spring,0,6
6,12,2018,0,Tuesday,0,Spring,3,1
6,13,2018,0,Wednesday,0,Spring,2,1
6,14,2018,0,Thursday,0,Spring,0,0
6,15,2018,0,Friday,0,Spring,0,0
6,16,2018,0,Saturday,0,Spring,0,0
6,17,2018,0,Sunday,0,Spring,0,0
6,18,2018,0,Monday,0,Spring,0,4
6,19,2018,0,Tuesday,0,Spring,3,0
6,20,2018,0,Wednesday,0,Spring,0,0
6,21,2018,0,Thursday,0,Spring,0,1
6,22,2018,0,Friday,0,Summer,2,1
6,23,2018,0,Saturday,0,Summer,1,0
6,24,2018,0,Sunday,0,Summer,0,0
6,25,2018,0,Monday,0,Summer,0,4
6,26,2018,0,Tuesday,0,Summer,0,1
6,27,2018,0,Wednesday,0,Summer,0,1
6,28,2018,0,Thursday,0,Summer,0,1
6,29,2018,0,Friday,0,Summer,1,2
6,30,2018,0,Saturday,0,Summer,0,0
7,1,2018,0,Sunday,0,Summer,0,0
7,2,2018,0,Monday,0,Summer,0,3
7,3,2018,0,Tuesday,0,Summer,0,4
7,4,2018,0,Wednesday,0,Summer,0,0
7,5,2018,0,Thursday,0,Summer,5,1
7,6,2018,0,Friday,0,Summer,1,0
7,7,2018,0,Saturday,0,Summer,0,0
7,8,2018,0,Sunday,0,Summer,0,6
7,9,2018,0,Monday,0,Summer,0,5
7,10,2018,0,Tuesday,0,Summer,4,3
7,11,2018,0,Wednesday,0,Summer,2,2
7,12,2018,0,Thursday,0,Summer,0,1
7,13,2018,0,Friday,0,Summer,0,0
7,14,2018,0,Saturday,0,Summer,1,2
7,15,2018,0,Sunday,0,Summer,0,1
7,16,2018,0,Monday,0,Summer,0,1
7,17,2018,0,Tuesday,0,Summer,3,1
7,18,2018,0,Wednesday,0,Summer,3,0
7,19,2018,0,Thursday,0,Summer,1,1
7,20,2018,0,Friday,0,Summer,0,2
7,21,2018,0,Saturday,0,Summer,1,0
7,22,2018,0,Sunday,0,Summer,0,2
7,23,2018,0,Monday,0,Summer,0,3
7,24,2018,0,Tuesday,0,Summer,2,1
7,25,2018,0,Wednesday,0,Summer,0,0
7,26,2018,0,Thursday,0,Summer,2,1
7,27,2018,0,Friday,0,Summer,1,2
7,28,2018,0,Saturday,0,Summer,0,0
7,29,2018,0,Sunday,0,Summer,0,0
7,30,2018,0,Monday,0,Summer,0,9
7,31,2018,0,Tuesday,0,Summer,6,1
8,1,2018,0,Wednesday,0,Summer,2,0
8,2,2018,0,Thursday,0,Summer,2,1
8,3,2018,0,Friday,0,Summer,0,2
8,4,2018,0,Saturday,0,Summer,2,0
8,5,2018,0,Sunday,0,Summer,0,0
8,6,2018,0,Monday,0,Summer,0,1
8,7,2018,0,Tuesday,0,Summer,5,0
8,8,2018,0,Wednesday,0,Summer,0,0
8,9,2018,0,Thursday,0,Summer,4,1
8,10,2018,0,Friday,0,Summer,0,0
8,11,2018,0,Saturday,0,Summer,3,1
8,12,2018,0,Sunday,0,Summer,0,0
8,13,2018,0,Monday,0,Summer,0,1
8,14,2018,0,Tuesday,0,Summer,6,1
8,15,2018,0,Wednesday,0,Summer,1,1
8,16,2018,0,Thursday,0,Summer,2,0
8,17,2018,0,Friday,0,Summer,0,2
8,18,2018,0,Saturday,0,Summer,0,0
8,19,2018,0,Sunday,0,Summer,7,1
8,20,2018,0,Monday,0,Summer,0,3
8,21,2018,0,Tuesday,0,Summer,1,3
8,22,2018,0,Wednesday,0,Summer,0,1
8,23,2018,0,Thursday,0,Summer,0,0
8,24,2018,0,Friday,0,Summer,0,1
8,25,2018,0,Saturday,0,Summer,0,0
8,26,2018,0,Sunday,0,Summer,7,0
8,27,2018,0,Monday,0,Summer,0,10
8,28,2018,0,Tuesday,0,Summer,1,0
8,29,2018,0,Wednesday,0,Summer,2,4
8,30,2018,0,Thursday,0,Summer,2,1
8,31,2018,0,Friday,0,Summer,0,0
9,1,2018,0,Saturday,1,Summer,2,0
9,2,2018,0,Sunday,1,Summer,0,0
9,3,2018,0,Monday,1,Summer,0,0
9,4,2018,0,Tuesday,1,Summer,0,13
9,5,2018,0,Wednesday,1,Summer,6,3
9,6,2018,0,Thursday,1,Summer,2,0
9,7,2018,0,Friday,1,Summer,2,0
9,8,2018,0,Saturday,1,Summer,1,1
9,9,2018,0,Sunday,1,Summer,0,1
9,10,2018,0,Monday,1,Summer,0,6
9,11,2018,0,Tuesday,1,Summer,10,2
9,12,2018,0,Wednesday,1,Summer,3,3
9,13,2018,0,Thursday,1,Summer,1,2
9,14,2018,0,Friday,1,Summer,1,0
9,15,2018,0,Saturday,1,Summer,0,0
9,16,2018,0,Sunday,1,Summer,0,1
9,17,2018,0,Monday,1,Summer,0,10
9,18,2018,0,Tuesday,1,Summer,10,4
9,19,2018,0,Wednesday,1,Summer,4,1
9,20,2018,0,Thursday,1,Summer,7,2
9,21,2018,0,Friday,1,Summer,0,0
9,22,2018,0,Saturday,1,Summer,3,0
9,23,2018,0,Sunday,1,Summer,0,1
9,24,2018,0,Monday,1,Fall,0,10
9,25,2018,0,Tuesday,1,Fall,7,4
9,26,2018,0,Wednesday,1,Fall,0,3
9,27,2018,0,Thursday,1,Fall,1,2
9,28,2018,0,Friday,1,Fall,0,3
9,29,2018,0,Saturday,1,Fall,0,0
9,30,2018,0,Sunday,1,Fall,0,0
10,1,2018,0,Monday,1,Fall,0,7
10,2,2018,0,Tuesday,1,Fall,10,4
10,3,2018,0,Wednesday,1,Fall,2,5
10,4,2018,0,Thursday,1,Fall,2,4
10,5,2018,0,Friday,1,Fall,6,1
10,6,2018,0,Saturday,1,Fall,5,1
10,7,2018,0,Sunday,1,Fall,0,1
10,8,2018,0,Monday,1,Fall,0,12
10,9,2018,0,Tuesday,1,Fall,9,1
10,10,2018,0,Wednesday,1,Fall,3,2
10,11,2018,0,Thursday,1,Fall,5,6
10,12,2018,0,Friday,1,Fall,0,3
10,13,2018,0,Saturday,1,Fall,0,1
10,14,2018,0,Sunday,1,Fall,0,0
10,15,2018,0,Monday,1,Fall,0,7
10,16,2018,0,Tuesday,1,Fall,16,5
10,17,2018,0,Wednesday,1,Fall,3,5
10,18,2018,0,Thursday,1,Fall,0,0
10,19,2018,0,Friday,1,Fall,0,0
10,20,2018,0,Saturday,1,Fall,7,0
10,21,2018,0,Sunday,1,Fall,0,0
10,22,2018,0,Monday,1,Fall,0,13
10,23,2018,0,Tuesday,1,Fall,11,2
10,24,2018,0,Wednesday,1,Fall,5,5
10,25,2018,0,Thursday,1,Fall,1,1
10,26,2018,0,Friday,1,Fall,3,1
10,27,2018,0,Saturday,1,Fall,6,0
10,28,2018,0,Sunday,1,Fall,0,0
10,29,2018,0,Monday,1,Fall,0,10
10,30,2018,0,Tuesday,1,Fall,11,2
10,31,2018,0,Wednesday,1,Fall,8,4
11,1,2018,0,Thursday,1,Fall,1,7
11,2,2018,0,Friday,1,Fall,0,0
11,3,2018,0,Saturday,1,Fall,2,0
11,4,2018,0,Sunday,1,Fall,0,0
11,5,2018,0,Monday,1,Fall,0,0
11,6,2018,0,Tuesday,1,Fall,1,0
11,7,2018,0,Wednesday,1,Fall,0,0
11,8,2018,0,Thursday,1,Fall,0,32
11,9,2018,0,Friday,1,Fall,0,0
11,10,2018,0,Saturday,1,Fall,0,10
11,11,2018,0,Sunday,1,Fall,0,0
11,12,2018,0,Monday,1,Fall,0,4
11,13,2018,0,Tuesday,1,Fall,0,0
11,14,2018,0,Wednesday,1,Fall,0,14
11,15,2018,0,Thursday,1,Fall,0,7
11,16,2018,0,Friday,1,Fall,0,2
11,17,2018,0,Saturday,1,Fall,0,0
11,18,2018,0,Sunday,1,Fall,0,0
11,19,2018,0,Monday,1,Fall,0,19
11,20,2018,0,Tuesday,1,Fall,4,10
11,21,2018,0,Wednesday,1,Fall,3,1
11,22,2018,0,Thursday,1,Fall,0,0
11,23,2018,0,Friday,1,Fall,0,0
11,24,2018,0,Saturday,1,Fall,0,0
11,25,2018,0,Sunday,1,Fall,0,0
11,26,2018,0,Monday,1,Fall,0,15
11,27,2018,0,Tuesday,1,Fall,14,14
11,28,2018,0,Wednesday,1,Fall,4,1
11,29,2018,0,Thursday,1,Fall,6,3
11,30,2018,0,Friday,1,Fall,0,7
12,1,2018,0,Saturday,1,Fall,4,0
12,2,2018,0,Sunday,1,Fall,0,0
12,3,2018,0,Monday,1,Fall,0,26
12,4,2018,0,Tuesday,1,Fall,13,6
12,5,2018,0,Wednesday,1,Fall,6,6
12,6,2018,0,Thursday,1,Fall,5,4
12,7,2018,0,Friday,1,Fall,2,6
12,8,2018,0,Saturday,1,Fall,4,0
12,9,2018,0,Sunday,1,Fall,0,0
12,10,2018,0,Monday,1,Fall,0,23
12,11,2018,0,Tuesday,1,Fall,11,11
12,12,2018,0,Wednesday,1,Fall,2,12
12,13,2018,0,Thursday,1,Fall,2,6
12,14,2018,0,Friday,1,Fall,6,7
12,15,2018,0,Saturday,1,Fall,1,0
12,16,2018,0,Sunday,1,Fall,0,0
12,17,2018,0,Monday,1,Fall,0,25
12,18,2018,0,Tuesday,1,Fall,0,6
12,19,2018,0,Wednesday,1,Fall,0,1
12,20,2018,0,Thursday,1,Fall,0,6
12,21,2018,0,Friday,1,Fall,11,7
12,22,2018,0,Saturday,1,Winter,0,0
12,23,2018,0,Sunday,1,Winter,0,0
12,24,2018,0,Monday,1,Winter,0,9
12,25,2018,0,Tuesday,1,Winter,0,0
12,26,2018,0,Wednesday,1,Winter,0,13
12,27,2018,0,Thursday,1,Winter,7,5
12,28,2018,0,Friday,1,Winter,3,10
12,29,2018,0,Saturday,1,Winter,2,0
12,30,2018,0,Sunday,1,Winter,0,0
12,31,2018,0,Monday,1,Winter,0,3
1,1,2019,0,Tuesday,0,Winter,0,0
1,2,2019,0,Wednesday,0,Winter,10,6
1,3,2019,0,Thursday,0,Winter,3,2
1,4,2019,0,Friday,0,Winter,2,9
1,5,2019,0,Saturday,0,Winter,4,0
1,6,2019,0,Sunday,0,Winter,0,0
1,7,2019,0,Monday,0,Winter,0,6
1,8,2019,0,Tuesday,0,Winter,9,5
1,9,2019,0,Wednesday,0,Winter,1,0
1,10,2019,0,Thursday,0,Winter,1,2
1,11,2019,0,Friday,0,Winter,1,2
1,12,2019,0,Saturday,0,Winter,3,0
1,13,2019,0,Sunday,0,Winter,0,0
1,14,2019,0,Monday,0,Winter,0,9
1,15,2019,0,Tuesday,0,Winter,0,6
1,16,2019,0,Wednesday,0,Winter,4,4
1,17,2019,0,Thursday,0,Winter,1,2
1,18,2019,0,Friday,0,Winter,1,9
1,19,2019,0,Saturday,0,Winter,4,0
1,20,2019,0,Sunday,0,Winter,0,0
1,21,2019,0,Monday,0,Winter,0,12
1,22,2019,0,Tuesday,0,Winter,2,6
1,23,2019,0,Wednesday,0,Winter,1,3
1,24,2019,0,Thursday,0,Winter,1,0
1,25,2019,0,Friday,0,Winter,1,4
1,26,2019,0,Saturday,0,Winter,2,0
1,27,2019,0,Sunday,0,Winter,0,0
1,28,2019,0,Monday,0,Winter,0,8
1,29,2019,0,Tuesday,0,Winter,6,0
1,30,2019,0,Wednesday,0,Winter,1,0
1,31,2019,0,Thursday,0,Winter,2,2
2,1,2019,0,Friday,0,Winter,2,2
2,2,2019,0,Saturday,0,Winter,1,0
2,3,2019,0,Sunday,0,Winter,0,0
2,4,2019,0,Monday,0,Winter,0,13
2,5,2019,0,Tuesday,0,Winter,3,2
2,6,2019,0,Wednesday,0,Winter,0,3
2,7,2019,0,Thursday,0,Winter,1,6
2,8,2019,0,Friday,0,Winter,0,1
2,9,2019,0,Saturday,0,Winter,2,0
2,10,2019,0,Sunday,0,Winter,0,0
2,11,2019,0,Monday,0,Winter,0,7
2,12,2019,0,Tuesday,0,Winter,9,1
2,13,2019,0,Wednesday,0,Winter,1,1
2,14,2019,0,Thursday,0,Winter,2,5
2,15,2019,0,Friday,0,Winter,2,2
2,16,2019,0,Saturday,0,Winter,0,0
2,17,2019,0,Sunday,0,Winter,0,0
2,18,2019,0,Monday,0,Winter,0,0
2,19,2019,0,Tuesday,0,Winter,3,11
2,20,2019,0,Wednesday,0,Winter,0,4
2,21,2019,0,Thursday,0,Winter,0,4
2,22,2019,0,Friday,0,Winter,4,3
2,23,2019,0,Saturday,0,Winter,3,0
2,24,2019,0,Sunday,0,Winter,0,0
2,25,2019,0,Monday,0,Winter,0,7
2,26,2019,0,Tuesday,0,Winter,1,2
2,27,2019,0,Wednesday,0,Winter,2,7
2,28,2019,0,Thursday,0,Winter,0,3
3,1,2019,0,Friday,0,Winter,1,1
3,2,2019,0,Saturday,0,Winter,3,0
3,3,2019,0,Sunday,0,Winter,0,0
3,4,2019,0,Monday,0,Winter,0,7
3,5,2019,0,Tuesday,0,Winter,4,4
3,6,2019,0,Wednesday,0,Winter,4,0
3,7,2019,0,Thursday,0,Winter,0,3
3,8,2019,0,Friday,0,Winter,0,6
3,9,2019,0,Saturday,0,Winter,2,0
3,10,2019,0,Sunday,0,Winter,0,0
3,11,2019,0,Monday,0,Winter,0,13
3,12,2019,0,Tuesday,0,Winter,6,0
3,13,2019,0,Wednesday,0,Winter,0,3
3,14,2019,0,Thursday,0,Winter,3,3
3,15,2019,0,Friday,0,Winter,5,4
3,16,2019,0,Saturday,0,Winter,0,0
3,17,2019,0,Sunday,0,Winter,0,0
3,18,2019,0,Monday,0,Winter,0,9
3,19,2019,0,Tuesday,0,Winter,8,3
3,20,2019,0,Wednesday,0,Winter,0,3
3,21,2019,0,Thursday,0,Spring,3,2
3,22,2019,0,Friday,0,Spring,2,1
3,23,2019,0,Saturday,0,Spring,3,0
3,24,2019,0,Sunday,0,Spring,0,0
3,25,2019,0,Monday,0,Spring,0,11
3,26,2019,0,Tuesday,0,Spring,5,4
3,27,2019,0,Wednesday,0,Spring,4,4
3,28,2019,0,Thursday,0,Spring,2,7
3,29,2019,0,Friday,0,Spring,0,1
3,30,2019,0,Saturday,0,Spring,0,0
3,31,2019,0,Sunday,0,Spring,0,0
4,1,2019,0,Monday,0,Spring,0,13
4,2,2019,0,Tuesday,0,Spring,9,5
4,3,2019,0,Wednesday,0,Spring,3,4
4,4,2019,0,Thursday,0,Spring,1,5
4,5,2019,0,Friday,0,Spring,0,3
4,6,2019,0,Saturday,0,Spring,0,0
4,7,2019,0,Sunday,0,Spring,0,0
4,8,2019,0,Monday,0,Spring,0,8
4,9,2019,0,Tuesday,0,Spring,0,4
4,10,2019,0,Wednesday,0,Spring,10,4
4,11,2019,0,Thursday,0,Spring,2,0
4,12,2019,0,Friday,0,Spring,4,4
4,13,2019,0,Saturday,0,Spring,0,0
4,14,2019,0,Sunday,0,Spring,0,0
4,15,2019,0,Monday,0,Spring,0,0
4,16,2019,0,Tuesday,0,Spring,7,13
4,17,2019,0,Wednesday,0,Spring,0,6
4,18,2019,0,Thursday,0,Spring,3,3
4,19,2019,0,Friday,0,Spring,0,0
4,20,2019,0,Saturday,0,Spring,0,0
4,21,2019,0,Sunday,0,Spring,0,0
4,22,2019,0,Monday,0,Spring,0,11
4,23,2019,0,Tuesday,0,Spring,3,8
4,24,2019,0,Wednesday,0,Spring,0,0
4,25,2019,0,Thursday,0,Spring,0,2
4,26,2019,0,Friday,0,Spring,2,0
4,27,2019,0,Saturday,0,Spring,0,0
4,28,2019,0,Sunday,0,Spring,0,0
4,29,2019,0,Monday,0,Spring,0,14
4,30,2019,0,Tuesday,0,Spring,3,4
5,1,2019,0,Wednesday,0,Spring,3,3
5,2,2019,0,Thursday,0,Spring,0,2
5,3,2019,0,Friday,0,Spring,1,2
5,4,2019,0,Saturday,0,Spring,3,0
5,5,2019,0,Sunday,0,Spring,0,0
5,6,2019,0,Monday,0,Spring,0,13
5,7,2019,0,Tuesday,0,Spring,0,3
5,8,2019,0,Wednesday,0,Spring,2,4
5,9,2019,0,Thursday,0,Spring,2,2
5,10,2019,0,Friday,0,Spring,1,4
5,11,2019,0,Saturday,0,Spring,0,0
5,12,2019,0,Sunday,0,Spring,0,0
5,13,2019,0,Monday,0,Spring,0,6
5,14,2019,0,Tuesday,0,Spring,5,3
5,15,2019,0,Wednesday,0,Spring,0,1
5,16,2019,0,Thursday,0,Spring,0,1
5,17,2019,0,Friday,0,Spring,1,5
5,18,2019,0,Saturday,0,Spring,0,0
5,19,2019,0,Sunday,0,Spring,0,0
5,20,2019,0,Monday,0,Spring,0,10
5,21,2019,0,Tuesday,0,Spring,1,0
5,22,2019,0,Wednesday,0,Spring,1,2
5,23,2019,0,Thursday,0,Spring,0,1
5,24,2019,0,Friday,0,Spring,1,2
5,25,2019,0,Saturday,0,Spring,2,0
5,26,2019,0,Sunday,0,Spring,1,0
5,27,2019,0,Monday,0,Spring,4,0
5,28,2019,0,Tuesday,0,Spring,1,4
5,29,2019,0,Wednesday,0,Spring,4,2
5,30,2019,0,Thursday,0,Spring,4,0
5,31,2019,0,Friday,0,Spring,1,5
6,1,2019,0,Saturday,0,Spring,0,0
6,2,2019,0,Sunday,0,Spring,0,0
6,3,2019,0,Monday,0,Spring,1,1
6,4,2019,0,Tuesday,0,Spring,1,1
6,5,2019,0,Wednesday,0,Spring,1,1
6,6,2019,0,Thursday,0,Spring,0,0
6,7,2019,0,Friday,0,Spring,2,1
6,8,2019,0,Saturday,0,Spring,3,0
6,9,2019,0,Sunday,0,Spring,0,0
6,10,2019,0,Monday,0,Spring,0,5
6,11,2019,0,Tuesday,0,Spring,6,0
6,12,2019,0,Wednesday,0,Spring,1,1
6,13,2019,0,Thursday,0,Spring,1,0
6,14,2019,0,Friday,0,Spring,0,0
6,15,2019,0,Saturday,0,Spring,0,0
6,16,2019,0,Sunday,0,Spring,0,0
6,17,2019,0,Monday,0,Spring,0,7
6,18,2019,0,Tuesday,0,Spring,4,2
6,19,2019,0,Wednesday,0,Spring,0,1
6,20,2019,0,Thursday,0,Spring,0,0
6,21,2019,0,Friday,0,Spring,1,0
6,22,2019,0,Saturday,0,Summer,1,0
6,23,2019,0,Sunday,0,Summer,0,0
6,24,2019,0,Monday,0,Summer,0,3
6,25,2019,0,Tuesday,0,Summer,4,0
6,26,2019,0,Wednesday,0,Summer,1,1
6,27,2019,0,Thursday,0,Summer,1,2
6,28,2019,0,Friday,0,Summer,1,4
6,29,2019,0,Saturday,0,Summer,2,0
6,30,2019,0,Sunday,0,Summer,0,0
7,1,2019,0,Monday,0,Summer,0,0
7,2,2019,0,Tuesday,0,Summer,3,6
7,3,2019,0,Wednesday,0,Summer,4,2
7,4,2019,0,Thursday,0,Summer,0,0
7,5,2019,0,Friday,0,Summer,1,0
7,6,2019,0,Saturday,0,Summer,0,0
7,7,2019,0,Sunday,0,Summer,0,0
7,8,2019,0,Monday,0,Summer,6,6
7,9,2019,0,Tuesday,0,Summer,5,0
7,10,2019,0,Wednesday,0,Summer,3,1
7,11,2019,0,Thursday,0,Summer,2,0
7,12,2019,0,Friday,0,Summer,1,0
7,13,2019,0,Saturday,0,Summer,0,0
7,14,2019,0,Sunday,0,Summer,2,0
7,15,2019,0,Monday,0,Summer,1,9
7,16,2019,0,Tuesday,0,Summer,1,1
7,17,2019,0,Wednesday,0,Summer,1,0
7,18,2019,0,Thursday,0,Summer,0,3
7,19,2019,0,Friday,0,Summer,1,0
7,20,2019,0,Saturday,0,Summer,2,0
7,21,2019,0,Sunday,0,Summer,0,0
7,22,2019,0,Monday,0,Summer,2,4
7,23,2019,0,Tuesday,0,Summer,3,1
7,24,2019,0,Wednesday,0,Summer,1,0
7,25,2019,0,Thursday,0,Summer,0,0
7,26,2019,0,Friday,0,Summer,1,0
7,27,2019,0,Saturday,0,Summer,2,0
7,28,2019,0,Sunday,0,Summer,0,0
7,29,2019,0,Monday,0,Summer,0,0
7,30,2019,0,Tuesday,0,Summer,9,0
7,31,2019,0,Wednesday,0,Summer,1,0
8,1,2019,0,Thursday,0,Summer,0,0
8,2,2019,0,Friday,0,Summer,1,3
8,3,2019,0,Saturday,0,Summer,2,0
8,4,2019,0,Sunday,0,Summer,0,0
8,5,2019,0,Monday,0,Summer,0,6
8,6,2019,0,Tuesday,0,Summer,1,0
8,7,2019,0,Wednesday,0,Summer,0,1
8,8,2019,0,Thursday,0,Summer,0,3
8,9,2019,0,Friday,0,Summer,1,2
8,10,2019,0,Saturday,0,Summer,0,0
8,11,2019,0,Sunday,0,Summer,1,0
8,12,2019,0,Monday,0,Summer,0,13
8,13,2019,0,Tuesday,0,Summer,1,0
8,14,2019,0,Wednesday,0,Summer,1,2
8,15,2019,0,Thursday,0,Summer,1,4
8,16,2019,0,Friday,0,Summer,0,1
8,17,2019,0,Saturday,0,Summer,2,0
8,18,2019,0,Sunday,0,Summer,0,0
8,19,2019,0,Monday,0,Summer,1,15
8,20,2019,0,Tuesday,0,Summer,3,5
8,21,2019,0,Wednesday,0,Summer,3,2
8,22,2019,0,Thursday,0,Summer,1,4
8,23,2019,0,Friday,0,Summer,0,1
8,24,2019,0,Saturday,0,Summer,1,0
8,25,2019,0,Sunday,0,Summer,0,0
8,26,2019,0,Monday,0,Summer,0,15
8,27,2019,0,Tuesday,0,Summer,10,4
8,28,2019,0,Wednesday,0,Summer,0,4
8,29,2019,0,Thursday,0,Summer,4,0
8,30,2019,0,Friday,0,Summer,1,4
8,31,2019,0,Saturday,0,Summer,0,4
9,1,2019,0,Sunday,1,Summer,0,8
9,2,2019,0,Monday,1,Summer,0,5
9,3,2019,0,Tuesday,1,Summer,0,5
9,4,2019,0,Wednesday,1,Summer,13,4
9,5,2019,0,Thursday,1,Summer,3,4
9,6,2019,0,Friday,1,Summer,0,5
9,7,2019,0,Saturday,1,Summer,0,4
9,8,2019,0,Sunday,1,Summer,1,3
9,9,2019,0,Monday,1,Summer,1,10
9,10,2019,0,Tuesday,1,Summer,6,4
9,11,2019,0,Wednesday,1,Summer,2,13
9,12,2019,0,Thursday,1,Summer,3,7
9,13,2019,0,Friday,1,Summer,2,3
9,14,2019,0,Saturday,1,Summer,0,8
9,15,2019,0,Sunday,1,Summer,0,7
9,16,2019,0,Monday,1,Summer,1,5
9,17,2019,0,Tuesday,1,Summer,10,5
9,18,2019,0,Wednesday,1,Summer,4,4
9,19,2019,0,Thursday,1,Summer,1,8
9,20,2019,0,Friday,1,Summer,2,5
9,21,2019,0,Saturday,1,Summer,0,7
9,22,2019,0,Sunday,1,Summer,0,8
9,23,2019,0,Monday,1,Summer,1,9
9,24,2019,0,Tuesday,1,Fall,10,9
9,25,2019,0,Wednesday,1,Fall,4,5
9,26,2019,0,Thursday,1,Fall,3,6
9,27,2019,0,Friday,1,Fall,2,6
9,28,2019,0,Saturday,1,Fall,3,7
9,29,2019,0,Sunday,1,Fall,0,8
9,30,2019,0,Monday,1,Fall,0,17
10,1,2019,0,Tuesday,1,Fall,7,9
10,2,2019,0,Wednesday,1,Fall,4,9
10,3,2019,0,Thursday,1,Fall,5,10
10,4,2019,0,Friday,1,Fall,4,12
10,5,2019,0,Saturday,1,Fall,1,11
10,6,2019,0,Sunday,1,Fall,1,11
10,7,2019,0,Monday,1,Fall,1,12
10,8,2019,0,Tuesday,1,Fall,12,13
10,9,2019,0,Wednesday,1,Fall,1,9
10,10,2019,0,Thursday,1,Fall,2,1
10,11,2019,0,Friday,1,Fall,6,0
10,12,2019,0,Saturday,1,Fall,3,0
10,13,2019,0,Sunday,1,Fall,1,0
10,14,2019,0,Monday,1,Fall,0,0
10,15,2019,0,Tuesday,1,Fall,7,1
10,16,2019,0,Wednesday,1,Fall,5,2
10,17,2019,0,Thursday,1,Fall,5,0
10,18,2019,0,Friday,1,Fall,0,0
10,19,2019,0,Saturday,1,Fall,0,0
10,20,2019,0,Sunday,1,Fall,0,0
10,21,2019,0,Monday,1,Fall,0,0
10,22,2019,0,Tuesday,1,Fall,13,30
10,23,2019,0,Wednesday,1,Fall,2,0
10,24,2019,0,Thursday,1,Fall,5,0
10,25,2019,0,Friday,1,Fall,1,24
10,26,2019,0,Saturday,1,Fall,1,0
10,27,2019,0,Sunday,1,Fall,0,0
10,28,2019,0,Monday,1,Fall,0,11
10,29,2019,0,Tuesday,1,Fall,10,1
10,30,2019,0,Wednesday,1,Fall,2,11
10,31,2019,0,Thursday,1,Fall,4,0
11,1,2019,0,Friday,1,Fall,7,0
11,2,2019,0,Saturday,1,Fall,0,0
11,3,2019,0,Sunday,1,Fall,0,0
11,4,2019,0,Monday,1,Fall,0,44
11,5,2019,0,Tuesday,1,Fall,0,10
11,6,2019,0,Wednesday,1,Fall,0,10
11,7,2019,0,Thursday,1,Fall,0,6
11,8,2019,0,Friday,1,Fall,32,14
11,9,2019,0,Saturday,1,Fall,0,4
11,10,2019,0,Sunday,1,Fall,10,5
11,11,2019,0,Monday,1,Fall,0,10
11,12,2019,0,Tuesday,1,Fall,4,13
11,13,2019,0,Wednesday,1,Fall,0,27
11,14,2019,0,Thursday,1,Fall,14,21
11,15,2019,0,Friday,1,Fall,7,16
11,16,2019,0,Saturday,1,Fall,2,12
11,17,2019,0,Sunday,1,Fall,0,14
11,18,2019,0,Monday,1,Fall,0,14
11,19,2019,0,Tuesday,1,Fall,19,36
11,20,2019,0,Wednesday,1,Fall,10,11
11,21,2019,0,Thursday,1,Fall,1,11
11,22,2019,0,Friday,1,Fall,0,8
11,23,2019,0,Saturday,1,Fall,0,8
11,24,2019,0,Sunday,1,Fall,0,5
11,25,2019,0,Monday,1,Fall,0,27
11,26,2019,0,Tuesday,1,Fall,15,14
11,27,2019,0,Wednesday,1,Fall,14,11
11,28,2019,0,Thursday,1,Fall,1,1
11,29,2019,0,Friday,1,Fall,3,4
11,30,2019,0,Saturday,1,Fall,7,1
12,1,2019,0,Sunday,1,Fall,0,1
12,2,2019,0,Monday,1,Fall,0,45
12,3,2019,0,Tuesday,1,Fall,26,22
12,4,2019,0,Wednesday,1,Fall,6,12
12,5,2019,0,Thursday,1,Fall,6,11
12,6,2019,0,Friday,1,Fall,4,10
12,7,2019,0,Saturday,1,Fall,6,1
12,8,2019,0,Sunday,1,Fall,0,4
12,9,2019,0,Monday,1,Fall,0,25
12,10,2019,0,Tuesday,1,Fall,23,24
12,11,2019,0,Wednesday,1,Fall,11,11
12,12,2019,0,Thursday,1,Fall,12,11
12,13,2019,0,Friday,1,Fall,6,13
12,14,2019,0,Saturday,1,Fall,7,12
12,15,2019,0,Sunday,1,Fall,0,12
12,16,2019,0,Monday,1,Fall,0,12
12,17,2019,0,Tuesday,1,Fall,25,12
12,18,2019,0,Wednesday,1,Fall,6,6
12,19,2019,0,Thursday,1,Fall,1,9
12,20,2019,0,Friday,1,Fall,6,8
12,21,2019,0,Saturday,1,Fall,7,1
12,22,2019,0,Sunday,1,Winter,0,0
12,23,2019,0,Monday,1,Winter,0,1
12,24,2019,0,Tuesday,1,Winter,9,1
12,25,2019,0,Wednesday,1,Winter,0,0
12,26,2019,0,Thursday,1,Winter,13,0
12,27,2019,0,Friday,1,Winter,5,0
12,28,2019,0,Saturday,1,Winter,10,0
12,29,2019,0,Sunday,1,Winter,0,3
12,30,2019,0,Monday,1,Winter,0,9
12,31,2019,0,Tuesday,1,Winter,3,3
1,1,2020,0,Wednesday,0,Winter,0,1
1,2,2020,0,Thursday,0,Winter,6,8
1,3,2020,0,Friday,0,Winter,2,11
1,4,2020,0,Saturday,0,Winter,9,7
1,5,2020,0,Sunday,0,Winter,0,12
1,6,2020,0,Monday,0,Winter,0,11
1,7,2020,0,Tuesday,0,Winter,6,16
1,8,2020,0,Wednesday,0,Winter,5,9
1,9,2020,0,Thursday,0,Winter,0,9
1,10,2020,0,Friday,0,Winter,2,6
1,11,2020,0,Saturday,0,Winter,2,5
1,12,2020,0,Sunday,0,Winter,0,6
1,13,2020,0,Monday,0,Winter,0,8
1,14,2020,0,Tuesday,0,Winter,9,6
1,15,2020,0,Wednesday,0,Winter,6,4
1,16,2020,0,Thursday,0,Winter,4,3
1,17,2020,0,Friday,0,Winter,2,4
1,18,2020,0,Saturday,0,Winter,9,5
1,19,2020,0,Sunday,0,Winter,0,5
1,20,2020,0,Monday,0,Winter,0,12
1,21,2020,0,Tuesday,0,Winter,12,10
1,22,2020,0,Wednesday,0,Winter,6,6
1,23,2020,0,Thursday,0,Winter,3,5
1,24,2020,0,Friday,0,Winter,0,2
1,25,2020,0,Saturday,0,Winter,4,2
1,26,2020,0,Sunday,0,Winter,0,3
1,27,2020,0,Monday,0,Winter,0,3
1,28,2020,0,Tuesday,0,Winter,8,1
1,29,2020,0,Wednesday,0,Winter,0,0
1,30,2020,0,Thursday,0,Winter,0,0
1,31,2020,0,Friday,0,Winter,2,1
2,1,2020,0,Saturday,0,Winter,2,1
2,2,2020,0,Sunday,0,Winter,0,0
2,3,2020,0,Monday,0,Winter,0,0
2,4,2020,0,Tuesday,0,Winter,13,0
2,5,2020,0,Wednesday,0,Winter,2,0
2,6,2020,0,Thursday,0,Winter,3,2
2,7,2020,0,Friday,0,Winter,6,2
2,8,2020,0,Saturday,0,Winter,1,0
2,9,2020,0,Sunday,0,Winter,0,0
2,10,2020,0,Monday,0,Winter,0,0
2,11,2020,0,Tuesday,0,Winter,7,1
2,12,2020,0,Wednesday,0,Winter,1,0
2,13,2020,0,Thursday,0,Winter,1,0
2,14,2020,0,Friday,0,Winter,5,0
2,15,2020,0,Saturday,0,Winter,2,0
2,16,2020,0,Sunday,0,Winter,0,1
2,17,2020,0,Monday,0,Winter,0,0
2,18,2020,0,Tuesday,0,Winter,0,0
2,19,2020,0,Wednesday,0,Winter,11,0
2,20,2020,0,Thursday,0,Winter,4,0
2,21,2020,0,Friday,0,Winter,4,0
2,22,2020,0,Saturday,0,Winter,3,0
2,23,2020,0,Sunday,0,Winter,0,0
2,24,2020,0,Monday,0,Winter,0,0
2,25,2020,0,Tuesday,0,Winter,7,0
2,26,2020,0,Wednesday,0,Winter,2,0
2,27,2020,0,Thursday,0,Winter,7,0
2,28,2020,0,Friday,0,Winter,3,0
2,29,2020,0,Saturday,0,Winter,1,1
3,1,2020,0,Sunday,0,Winter,0,9
3,2,2020,0,Monday,0,Winter,0,3
3,3,2020,0,Tuesday,0,Winter,7,2
3,4,2020,0,Wednesday,0,Winter,4,9
3,5,2020,0,Thursday,0,Winter,0,4
3,6,2020,0,Friday,0,Winter,3,3
3,7,2020,0,Saturday,0,Winter,6,9
3,8,2020,0,Sunday,0,Winter,0,9
3,9,2020,0,Monday,0,Winter,0,16
3,10,2020,0,Tuesday,0,Winter,13,2
3,11,2020,0,Wednesday,0,Winter,0,16
3,12,2020,0,Thursday,0,Winter,3,6
3,13,2020,0,Friday,0,Winter,3,7
3,14,2020,0,Saturday,0,Winter,4,5
3,15,2020,0,Sunday,0,Winter,0,10
3,16,2020,0,Monday,0,Winter,0,12
3,17,2020,0,Tuesday,0,Winter,9,10
3,18,2020,0,Wednesday,0,Winter,3,8
3,19,2020,0,Thursday,0,Winter,3,9
3,20,2020,0,Friday,0,Winter,2,5
3,21,2020,0,Saturday,0,Spring,1,8
3,22,2020,0,Sunday,0,Spring,0,10
3,23,2020,0,Monday,0,Spring,0,12
3,24,2020,0,Tuesday,0,Spring,11,10
3,25,2020,0,Wednesday,0,Spring,4,4
3,26,2020,0,Thursday,0,Spring,4,3
3,27,2020,0,Friday,0,Spring,7,0
3,28,2020,0,Saturday,0,Spring,1,3
3,29,2020,0,Sunday,0,Spring,0,0
3,30,2020,0,Monday,0,Spring,0,0
3,31,2020,0,Tuesday,0,Spring,13,0
4,1,2020,0,Wednesday,0,Spring,5,1
4,2,2020,0,Thursday,0,Spring,4,0
4,3,2020,0,Friday,0,Spring,5,0
4,4,2020,0,Saturday,0,Spring,3,0
4,5,2020,0,Sunday,0,Spring,0,0
4,6,2020,0,Monday,0,Spring,0,2
4,7,2020,0,Tuesday,0,Spring,8,0
4,8,2020,0,Wednesday,0,Spring,4,0
4,9,2020,0,Thursday,0,Spring,4,0
4,10,2020,0,Friday,0,Spring,0,1
4,11,2020,0,Saturday,0,Spring,4,0
4,12,2020,0,Sunday,0,Spring,0,0
4,13,2020,0,Monday,0,Spring,0,13
4,14,2020,0,Tuesday,0,Spring,0,1
4,15,2020,0,Wednesday,0,Spring,13,9
4,16,2020,0,Thursday,0,Spring,6,6
4,17,2020,0,Friday,0,Spring,3,7
4,18,2020,0,Saturday,0,Spring,0,6
4,19,2020,0,Sunday,0,Spring,0,11
4,20,2020,0,Monday,0,Spring,0,15
4,21,2020,0,Tuesday,0,Spring,11,2
4,22,2020,0,Wednesday,0,Spring,8,0
4,23,2020,0,Thursday,0,Spring,0,2
4,24,2020,0,Friday,0,Spring,2,3
4,25,2020,0,Saturday,0,Spring,0,3
4,26,2020,0,Sunday,0,Spring,0,11
4,27,2020,0,Monday,0,Spring,0,8
4,28,2020,0,Tuesday,0,Spring,14,9
4,29,2020,0,Wednesday,0,Spring,4,7
4,30,2020,0,Thursday,0,Spring,3,12
5,1,2020,0,Friday,0,Spring,2,13
5,2,2020,0,Saturday,0,Spring,2,10
5,3,2020,0,Sunday,0,Spring,0,7
5,4,2020,0,Monday,0,Spring,0,7
5,5,2020,0,Tuesday,0,Spring,13,10
5,6,2020,0,Wednesday,0,Spring,3,6
5,7,2020,0,Thursday,0,Spring,4,18
5,8,2020,0,Friday,0,Spring,2,4
5,9,2020,0,Saturday,0,Spring,4,5
5,10,2020,0,Sunday,0,Spring,0,6
5,11,2020,0,Monday,0,Spring,0,9
5,12,2020,0,Tuesday,0,Spring,6,5
5,13,2020,0,Wednesday,0,Spring,3,5
5,14,2020,0,Thursday,0,Spring,1,1
5,15,2020,0,Friday,0,Spring,1,3
5,16,2020,0,Saturday,0,Spring,5,3
5,17,2020,0,Sunday,0,Spring,0,2
5,18,2020,0,Monday,0,Spring,0,6
5,19,2020,0,Tuesday,0,Spring,10,5
5,20,2020,0,Wednesday,0,Spring,0,13
5,21,2020,0,Thursday,0,Spring,2,2
5,22,2020,0,Friday,0,Spring,1,5
5,23,2020,0,Saturday,0,Spring,2,4
5,24,2020,0,Sunday,0,Spring,0,5
5,25,2020,0,Monday,0,Spring,0,1
5,26,2020,0,Tuesday,0,Spring,0,4
5,27,2020,0,Wednesday,0,Spring,4,5
5,28,2020,0,Thursday,0,Spring,2,4
5,29,2020,0,Friday,0,Spring,0,1
5,30,2020,0,Saturday,0,Spring,5,0
5,31,2020,0,Sunday,0,Spring,0,3
6,1,2020,1,Monday,0,Spring,0,6
6,2,2020,1,Tuesday,0,Spring,1,10
6,3,2020,1,Wednesday,0,Spring,1,4
6,4,2020,1,Thursday,0,Spring,1,4
6,5,2020,1,Friday,0,Spring,0,0
6,6,2020,1,Saturday,0,Spring,1,2
6,7,2020,1,Sunday,0,Spring,0,0
6,8,2020,1,Monday,0,Spring,0,4
6,9,2020,1,Tuesday,0,Spring,5,3
6,10,2020,1,Wednesday,0,Spring,0,4
6,11,2020,1,Thursday,0,Spring,1,6
6,12,2020,1,Friday,0,Spring,0,5
6,13,2020,1,Saturday,0,Spring,0,2
6,14,2020,1,Sunday,0,Spring,0,3
6,15,2020,1,Monday,0,Spring,0,1
6,16,2020,1,Tuesday,0,Spring,7,8
6,17,2020,1,Wednesday,0,Spring,2,3
6,18,2020,1,Thursday,0,Spring,1,7
6,19,2020,1,Friday,0,Spring,0,6
6,20,2020,1,Saturday,0,Spring,0,2
6,21,2020,1,Sunday,0,Spring,0,9
6,22,2020,1,Monday,0,Summer,0,2
6,23,2020,1,Tuesday,0,Summer,3,9
6,24,2020,1,Wednesday,0,Summer,0,4
6,25,2020,1,Thursday,0,Summer,1,5
6,26,2020,1,Friday,0,Summer,2,3
6,27,2020,1,Saturday,0,Summer,4,5
6,28,2020,1,Sunday,0,Summer,0,4
6,29,2020,1,Monday,0,Summer,0,6
6,30,2020,1,Tuesday,0,Summer,0,12
7,1,2020,1,Wednesday,0,Summer,6,5
7,2,2020,1,Thursday,0,Summer,2,1
7,3,2020,1,Friday,0,Summer,0,13
7,4,2020,1,Saturday,0,Summer,0,4
7,5,2020,1,Sunday,0,Summer,0,2
7,6,2020,1,Monday,0,Summer,0,13
7,7,2020,1,Tuesday,0,Summer,6,9
7,8,2020,1,Wednesday,0,Summer,0,11
7,9,2020,1,Thursday,0,Summer,1,7
7,10,2020,1,Friday,0,Summer,0,12
7,11,2020,1,Saturday,0,Summer,0,3
7,12,2020,1,Sunday,0,Summer,0,10
7,13,2020,1,Monday,0,Summer,0,12
7,14,2020,1,Tuesday,0,Summer,9,13
7,15,2020,1,Wednesday,0,Summer,1,11
7,16,2020,1,Thursday,0,Summer,0,7
7,17,2020,1,Friday,0,Summer,3,11
7,18,2020,1,Saturday,0,Summer,0,5
7,19,2020,1,Sunday,0,Summer,0,3
7,20,2020,1,Monday,0,Summer,0,5
7,21,2020,1,Tuesday,0,Summer,4,10
7,22,2020,1,Wednesday,0,Summer,1,4
7,23,2020,1,Thursday,0,Summer,0,16
7,24,2020,1,Friday,0,Summer,0,22
7,25,2020,1,Saturday,0,Summer,0,13
7,26,2020,1,Sunday,0,Summer,0,8
7,27,2020,1,Monday,0,Summer,0,15
7,28,2020,1,Tuesday,0,Summer,0,12
7,29,2020,1,Wednesday,0,Summer,0,15
7,30,2020,1,Thursday,0,Summer,0,9
7,31,2020,1,Friday,0,Summer,0,11
8,1,2020,1,Saturday,0,Summer,3,8
8,2,2020,1,Sunday,0,Summer,0,11
8,3,2020,1,Monday,0,Summer,0,8
8,4,2020,1,Tuesday,0,Summer,6,17
8,5,2020,1,Wednesday,0,Summer,0,9
8,6,2020,1,Thursday,0,Summer,1,7
8,7,2020,1,Friday,0,Summer,3,3
8,8,2020,1,Saturday,0,Summer,2,8
8,9,2020,1,Sunday,0,Summer,0,26
8,10,2020,1,Monday,0,Summer,0,9
8,11,2020,1,Tuesday,0,Summer,13,7
8,12,2020,1,Wednesday,0,Summer,0,10
8,13,2020,1,Thursday,0,Summer,2,5
8,14,2020,1,Friday,0,Summer,4,10
8,15,2020,1,Saturday,0,Summer,1,6
8,16,2020,1,Sunday,0,Summer,0,4
8,17,2020,1,Monday,0,Summer,0,14
8,18,2020,1,Tuesday,0,Summer,15,5
8,19,2020,1,Wednesday,0,Summer,5,21
8,20,2020,1,Thursday,0,Summer,2,8
8,21,2020,1,Friday,0,Summer,4,6
8,22,2020,1,Saturday,0,Summer,1,5
8,23,2020,1,Sunday,0,Summer,0,4
8,24,2020,1,Monday,0,Summer,0,28
8,25,2020,1,Tuesday,0,Summer,15,4
8,26,2020,1,Wednesday,0,Summer,4,22
8,27,2020,1,Thursday,0,Summer,4,11
8,28,2020,1,Friday,0,Summer,0,12
8,29,2020,1,Saturday,0,Summer,4,0
8,30,2020,1,Sunday,0,Summer,4,32
8,31,2020,1,Monday,0,Summer,8,6
9,1,2020,1,Tuesday,1,Summer,5,21
9,2,2020,1,Wednesday,1,Summer,5,7
9,3,2020,1,Thursday,1,Summer,4,13
9,4,2020,1,Friday,1,Summer,4,8
9,5,2020,1,Saturday,1,Summer,5,3
9,6,2020,1,Sunday,1,Summer,4,1
9,7,2020,1,Monday,1,Summer,3,16
9,8,2020,1,Tuesday,1,Summer,10,2
9,9,2020,1,Wednesday,1,Summer,4,12
9,10,2020,1,Thursday,1,Summer,13,7
9,11,2020,1,Friday,1,Summer,7,19
9,12,2020,1,Saturday,1,Summer,3,47
9,13,2020,1,Sunday,1,Summer,8,25
9,14,2020,1,Monday,1,Summer,7,17
9,15,2020,1,Tuesday,1,Summer,5,24
9,16,2020,1,Wednesday,1,Summer,5,18
9,17,2020,1,Thursday,1,Summer,4,24
9,18,2020,1,Friday,1,Summer,8,9
9,19,2020,1,Saturday,1,Summer,5,9
9,20,2020,1,Sunday,1,Summer,7,14
9,21,2020,1,Monday,1,Summer,8,30
9,22,2020,1,Tuesday,1,Summer,9,41
9,23,2020,1,Wednesday,1,Summer,9,29
9,24,2020,1,Thursday,1,Fall,5,27
9,25,2020,1,Friday,1,Fall,6,21
9,26,2020,1,Saturday,1,Fall,6,20
9,27,2020,1,Sunday,1,Fall,7,10
9,28,2020,1,Monday,1,Fall,8,32
9,29,2020,1,Tuesday,1,Fall,17,36
9,30,2020,1,Wednesday,1,Fall,9,19
10,1,2020,1,Thursday,1,Fall,9,24
10,2,2020,1,Friday,1,Fall,10,23
10,3,2020,1,Saturday,1,Fall,12,15
10,4,2020,1,Sunday,1,Fall,11,19
10,5,2020,1,Monday,1,Fall,11,20
10,6,2020,1,Tuesday,1,Fall,12,19
10,7,2020,1,Wednesday,1,Fall,13,22
10,8,2020,1,Thursday,1,Fall,9,28
10,9,2020,1,Friday,1,Fall,1,13
10,10,2020,1,Saturday,1,Fall,0,22
10,11,2020,1,Sunday,1,Fall,0,11
10,12,2020,1,Monday,1,Fall,0,12
10,13,2020,1,Tuesday,1,Fall,0,15
10,14,2020,1,Wednesday,1,Fall,1,24
10,15,2020,1,Thursday,1,Fall,2,16
10,16,2020,1,Friday,1,Fall,0,15
10,17,2020,1,Saturday,1,Fall,0,28
10,18,2020,1,Sunday,1,Fall,0,23
10,19,2020,1,Monday,1,Fall,0,31
10,20,2020,1,Tuesday,1,Fall,0,19
10,21,2020,1,Wednesday,1,Fall,30,26
10,22,2020,1,Thursday,1,Fall,0,23
10,23,2020,1,Friday,1,Fall,0,25
10,24,2020,1,Saturday,1,Fall,24,20
10,25,2020,1,Sunday,1,Fall,0,20
10,26,2020,1,Monday,1,Fall,0,26
10,27,2020,1,Tuesday,1,Fall,11,29
10,28,2020,1,Wednesday,1,Fall,1,36
10,29,2020,1,Thursday,1,Fall,11,22
10,30,2020,1,Friday,1,Fall,0,21
10,31,2020,1,Saturday,1,Fall,0,15
11,1,2020,1,Sunday,1,Fall,0,23
11,2,2020,1,Monday,1,Fall,0,27
11,3,2020,1,Tuesday,1,Fall,44,29
11,4,2020,1,Wednesday,1,Fall,10,25
11,5,2020,1,Thursday,1,Fall,10,28
11,6,2020,1,Friday,1,Fall,6,27
11,7,2020,1,Saturday,1,Fall,14,20
11,8,2020,1,Sunday,1,Fall,4,41
11,9,2020,1,Monday,1,Fall,5,58
11,10,2020,1,Tuesday,1,Fall,10,56
11,11,2020,1,Wednesday,1,Fall,13,41
11,12,2020,1,Thursday,1,Fall,27,43
11,13,2020,1,Friday,1,Fall,21,38
11,14,2020,1,Saturday,1,Fall,16,28
11,15,2020,1,Sunday,1,Fall,12,29
11,16,2020,1,Monday,1,Fall,14,34
11,17,2020,1,Tuesday,1,Fall,14,57
11,18,2020,1,Wednesday,1,Fall,36,43
11,19,2020,1,Thursday,1,Fall,11,67
11,20,2020,1,Friday,1,Fall,11,45
11,21,2020,1,Saturday,1,Fall,8,48
11,22,2020,1,Sunday,1,Fall,8,41
11,23,2020,1,Monday,1,Fall,5,37
11,24,2020,1,Tuesday,1,Fall,27,49
11,25,2020,1,Wednesday,1,Fall,14,47
11,26,2020,1,Thursday,1,Fall,11,11
11,27,2020,1,Friday,1,Fall,1,57
11,28,2020,1,Saturday,1,Fall,4,49
11,29,2020,1,Sunday,1,Fall,1,47
11,30,2020,1,Monday,1,Fall,1,55
12,1,2020,1,Tuesday,1,Fall,45,37
12,2,2020,1,Wednesday,1,Fall,22,44
12,3,2020,1,Thursday,1,Fall,12,62
12,4,2020,1,Friday,1,Fall,11,51
12,5,2020,1,Saturday,1,Fall,10,58
12,6,2020,1,Sunday,1,Fall,1,39
12,7,2020,1,Monday,1,Fall,4,45
12,8,2020,1,Tuesday,1,Fall,25,53
12,9,2020,1,Wednesday,1,Fall,24,57
12,10,2020,1,Thursday,1,Fall,11,43
12,11,2020,1,Friday,1,Fall,11,31
12,12,2020,1,Saturday,1,Fall,13,26
12,13,2020,1,Sunday,1,Fall,12,24
12,14,2020,1,Monday,1,Fall,12,48
12,15,2020,1,Tuesday,1,Fall,12,61
12,16,2020,1,Wednesday,1,Fall,12,62
12,17,2020,1,Thursday,1,Fall,6,44
12,18,2020,1,Friday,1,Fall,9,39
12,19,2020,1,Saturday,1,Fall,8,35
12,20,2020,1,Sunday,1,Fall,1,39
12,21,2020,1,Monday,1,Fall,0,27
12,22,2020,1,Tuesday,1,Winter,1,24
12,23,2020,1,Wednesday,1,Winter,1,10
12,24,2020,1,Thursday,1,Winter,0,4
12,25,2020,1,Friday,1,Winter,0,0
12,26,2020,1,Saturday,1,Winter,0,14
12,27,2020,1,Sunday,1,Winter,0,9
12,28,2020,1,Monday,1,Winter,3,7
12,29,2020,1,Tuesday,1,Winter,9,16
12,30,2020,1,Wednesday,1,Winter,3,38
12,31,2020,1,Thursday,1,Winter,1,19
1,1,2021,1,Friday,0,Winter,8,1
1,2,2021,1,Saturday,0,Winter,11,24
1,3,2021,1,Sunday,0,Winter,7,12
1,4,2021,1,Monday,0,Winter,12,16
1,5,2021,1,Tuesday,0,Winter,11,12
1,6,2021,1,Wednesday,0,Winter,16,12
1,7,2021,1,Thursday,0,Winter,9,23
1,8,2021,1,Friday,0,Winter,9,20
1,9,2021,1,Saturday,0,Winter,6,26
1,10,2021,1,Sunday,0,Winter,5,27
1,11,2021,1,Monday,0,Winter,6,42
1,12,2021,1,Tuesday,0,Winter,8,34
1,13,2021,1,Wednesday,0,Winter,6,39
1,14,2021,1,Thursday,0,Winter,4,16
1,15,2021,1,Friday,0,Winter,3,22
1,16,2021,1,Saturday,0,Winter,4,22
1,17,2021,1,Sunday,0,Winter,5,29
1,18,2021,1,Monday,0,Winter,5,23
1,19,2021,1,Tuesday,0,Winter,12,21
1,20,2021,1,Wednesday,0,Winter,10,39
1,21,2021,1,Thursday,0,Winter,6,35
1,22,2021,1,Friday,0,Winter,5,24
1,23,2021,1,Saturday,0,Winter,2,16
1,24,2021,1,Sunday,0,Winter,2,20
1,25,2021,1,Monday,0,Winter,3,33
1,26,2021,1,Tuesday,0,Winter,3,33
1,27,2021,1,Wednesday,0,Winter,1,28
1,28,2021,1,Thursday,0,Winter,0,19
1,29,2021,1,Friday,0,Winter,0,21
1,30,2021,1,Saturday,0,Winter,1,18
1,31,2021,1,Sunday,0,Winter,1,18
2,1,2021,1,Monday,0,Winter,0,32
2,2,2021,1,Tuesday,0,Winter,0,28
2,3,2021,1,Wednesday,0,Winter,0,27
2,4,2021,1,Thursday,0,Winter,0,24
2,5,2021,1,Friday,0,Winter,2,24
2,6,2021,1,Saturday,0,Winter,2,17
2,7,2021,1,Sunday,0,Winter,0,20
2,8,2021,1,Monday,0,Winter,0,15
2,9,2021,1,Tuesday,0,Winter,0,16
2,10,2021,1,Wednesday,0,Winter,1,25
2,11,2021,1,Thursday,0,Winter,0,17
2,12,2021,1,Friday,0,Winter,0,20
2,13,2021,1,Saturday,0,Winter,0,11
2,14,2021,1,Sunday,0,Winter,0,17
2,15,2021,1,Monday,0,Winter,1,14
2,16,2021,1,Tuesday,0,Winter,0,12
2,17,2021,1,Wednesday,0,Winter,0,24
2,18,2021,1,Thursday,0,Winter,0,14
2,19,2021,1,Friday,0,Winter,0,14
2,20,2021,1,Saturday,0,Winter,0,19
2,21,2021,1,Sunday,0,Winter,0,20
2,22,2021,1,Monday,0,Winter,0,17
2,23,2021,1,Tuesday,0,Winter,0,14
2,24,2021,1,Wednesday,0,Winter,0,8
2,25,2021,1,Thursday,0,Winter,0,10
2,26,2021,1,Friday,0,Winter,0,5
2,27,2021,1,Saturday,0,Winter,0,11
2,28,2021,1,Sunday,0,Winter,1,7
3,1,2021,1,Monday,0,Winter,9,8
3,2,2021,1,Tuesday,0,Winter,3,7
3,3,2021,1,Wednesday,0,Winter,2,10
3,4,2021,1,Thursday,0,Winter,9,7
3,5,2021,1,Friday,0,Winter,4,9
3,6,2021,1,Saturday,0,Winter,3,8
3,7,2021,1,Sunday,0,Winter,9,13
3,8,2021,1,Monday,0,Winter,9,10
3,9,2021,1,Tuesday,0,Winter,16,13
3,10,2021,1,Wednesday,0,Winter,2,13
3,11,2021,1,Thursday,0,Winter,16,12
3,12,2021,1,Friday,0,Winter,6,8
3,13,2021,1,Saturday,0,Winter,7,8
3,14,2021,1,Sunday,0,Winter,5,9
3,15,2021,1,Monday,0,Winter,10,14
3,16,2021,1,Tuesday,0,Winter,12,6
3,17,2021,1,Wednesday,0,Winter,10,7
3,18,2021,1,Thursday,0,Winter,8,19
3,19,2021,1,Friday,0,Winter,9,16
3,20,2021,1,Saturday,0,Winter,5,10
3,21,2021,1,Sunday,0,Spring,8,15
3,22,2021,1,Monday,0,Spring,10,12
3,23,2021,1,Tuesday,0,Spring,12,11
3,24,2021,1,Wednesday,0,Spring,10,14
3,25,2021,1,Thursday,0,Spring,4,15
3,26,2021,1,Friday,0,Spring,3,19
3,27,2021,1,Saturday,0,Spring,0,13
3,28,2021,1,Sunday,0,Spring,3,10
3,29,2021,1,Monday,0,Spring,0,31
3,30,2021,1,Tuesday,0,Spring,0,14
3,31,2021,1,Wednesday,0,Spring,0,19
4,1,2021,1,Thursday,0,Spring,1,15
4,2,2021,1,Friday,0,Spring,0,23
4,3,2021,1,Saturday,0,Spring,0,14
4,4,2021,1,Sunday,0,Spring,0,22
4,5,2021,1,Monday,0,Spring,0,22
4,6,2021,1,Tuesday,0,Spring,2,20
4,7,2021,1,Wednesday,0,Spring,0,18
4,8,2021,1,Thursday,0,Spring,0,22
4,9,2021,1,Friday,0,Spring,0,9
4,10,2021,1,Saturday,0,Spring,1,13
4,11,2021,1,Sunday,0,Spring,0,20
4,12,2021,1,Monday,0,Spring,0,30
4,13,2021,1,Tuesday,0,Spring,13,23
4,14,2021,1,Wednesday,0,Spring,1,18
4,15,2021,1,Thursday,0,Spring,9,17
4,16,2021,1,Friday,0,Spring,6,28
4,17,2021,1,Saturday,0,Spring,7,24
4,18,2021,1,Sunday,0,Spring,6,21
4,19,2021,1,Monday,0,Spring,11,20
4,20,2021,1,Tuesday,0,Spring,15,30
4,21,2021,1,Wednesday,0,Spring,2,29
4,22,2021,1,Thursday,0,Spring,0,20
4,23,2021,1,Friday,0,Spring,2,23
4,24,2021,1,Saturday,0,Spring,3,14
4,25,2021,1,Sunday,0,Spring,3,15
4,26,2021,1,Monday,0,Spring,11,23
4,27,2021,1,Tuesday,0,Spring,8,29
4,28,2021,1,Wednesday,0,Spring,9,20
4,29,2021,1,Thursday,0,Spring,7,19
4,30,2021,1,Friday,0,Spring,12,9
5,1,2021,1,Saturday,0,Spring,13,9
5,2,2021,1,Sunday,0,Spring,10,8
5,3,2021,1,Monday,0,Spring,7,13
5,4,2021,1,Tuesday,0,Spring,7,12
5,5,2021,1,Wednesday,0,Spring,10,25
5,6,2021,1,Thursday,0,Spring,6,12
5,7,2021,1,Friday,0,Spring,18,18
5,8,2021,1,Saturday,0,Spring,4,16
5,9,2021,1,Sunday,0,Spring,5,11
5,10,2021,1,Monday,0,Spring,6,13
5,11,2021,1,Tuesday,0,Spring,9,19
5,12,2021,1,Wednesday,0,Spring,5,10
5,13,2021,1,Thursday,0,Spring,5,8
5,14,2021,1,Friday,0,Spring,1,10
5,15,2021,1,Saturday,0,Spring,3,9
5,16,2021,1,Sunday,0,Spring,3,10
5,17,2021,1,Monday,0,Spring,2,12
5,18,2021,1,Tuesday,0,Spring,6,12
5,19,2021,1,Wednesday,0,Spring,5,13
5,20,2021,1,Thursday,0,Spring,13,5
5,21,2021,1,Friday,0,Spring,2,9
5,22,2021,1,Saturday,0,Spring,5,3
5,23,2021,1,Sunday,0,Spring,4,11
5,24,2021,1,Monday,0,Spring,5,12
5,25,2021,1,Tuesday,0,Spring,1,7
5,26,2021,1,Wednesday,0,Spring,4,9
5,27,2021,1,Thursday,0,Spring,5,12
5,28,2021,1,Friday,0,Spring,4,8
5,29,2021,1,Saturday,0,Spring,1,12
5,30,2021,1,Sunday,0,Spring,0,10
5,31,2021,1,Monday,0,Spring,3,7
6,1,2021,1,Tuesday,0,Spring,6,13
6,2,2021,1,Wednesday,0,Spring,10,10
6,3,2021,1,Thursday,0,Spring,4,3
6,4,2021,1,Friday,0,Spring,4,4
6,5,2021,1,Saturday,0,Spring,0,9
6,6,2021,1,Sunday,0,Spring,2,13
6,7,2021,1,Monday,0,Spring,0,11
6,8,2021,1,Tuesday,0,Spring,4,10
6,9,2021,1,Wednesday,0,Spring,3,8
6,10,2021,1,Thursday,0,Spring,4,10
6,11,2021,1,Friday,0,Spring,6,8
6,12,2021,1,Saturday,0,Spring,5,9
6,13,2021,1,Sunday,0,Spring,2,9
6,14,2021,1,Monday,0,Spring,3,9
6,15,2021,1,Tuesday,0,Spring,1,11
6,16,2021,1,Wednesday,0,Spring,8,6
6,17,2021,1,Thursday,0,Spring,3,10
6,18,2021,1,Friday,0,Spring,7,9
6,19,2021,1,Saturday,0,Spring,6,2
6,20,2021,1,Sunday,0,Spring,2,13
6,21,2021,1,Monday,0,Spring,9,19
6,22,2021,1,Tuesday,0,Summer,2,7
6,23,2021,1,Wednesday,0,Summer,9,7
6,24,2021,1,Thursday,0,Summer,4,13
6,25,2021,1,Friday,0,Summer,5,9
6,26,2021,1,Saturday,0,Summer,3,6
6,27,2021,1,Sunday,0,Summer,5,8
6,28,2021,1,Monday,0,Summer,4,9
6,29,2021,1,Tuesday,0,Summer,6,9
6,30,2021,1,Wednesday,0,Summer,12,10
7,1,2021,1,Thursday,0,Summer,5,16
7,2,2021,1,Friday,0,Summer,1,7
7,3,2021,1,Saturday,0,Summer,13,9
7,4,2021,1,Sunday,0,Summer,4,1
7,5,2021,1,Monday,0,Summer,2,10
7,6,2021,1,Tuesday,0,Summer,13,11
7,7,2021,1,Wednesday,0,Summer,9,10
7,8,2021,1,Thursday,0,Summer,11,8
7,9,2021,1,Friday,0,Summer,7,6
7,10,2021,1,Saturday,0,Summer,12,9
7,11,2021,1,Sunday,0,Summer,3,10
7,12,2021,1,Monday,0,Summer,10,11
7,13,2021,1,Tuesday,0,Summer,12,6
7,14,2021,1,Wednesday,0,Summer,13,6
7,15,2021,1,Thursday,0,Summer,11,5
7,16,2021,1,Friday,0,Summer,7,4
7,17,2021,1,Saturday,0,Summer,11,5
7,18,2021,1,Sunday,0,Summer,5,12
7,19,2021,1,Monday,0,Summer,3,10
7,20,2021,1,Tuesday,0,Summer,5,16
7,21,2021,1,Wednesday,0,Summer,10,6
7,22,2021,1,Thursday,0,Summer,4,10
7,23,2021,1,Friday,0,Summer,16,10
7,24,2021,1,Saturday,0,Summer,22,6
7,25,2021,1,Sunday,0,Summer,13,8
7,26,2021,1,Monday,0,Summer,8,9
7,27,2021,1,Tuesday,0,Summer,15,11
7,28,2021,1,Wednesday,0,Summer,12,12
7,29,2021,1,Thursday,0,Summer,15,12
7,30,2021,1,Friday,0,Summer,9,6
7,31,2021,1,Saturday,0,Summer,11,10
8,1,2021,0,Sunday,0,Summer,8,11
8,2,2021,0,Monday,0,Summer,11,8
8,3,2021,0,Tuesday,0,Summer,8,11
8,4,2021,0,Wednesday,0,Summer,17,7
8,5,2021,0,Thursday,0,Summer,9,12
8,6,2021,0,Friday,0,Summer,7,8
8,7,2021,0,Saturday,0,Summer,3,10
8,8,2021,0,Sunday,0,Summer,8,8
8,9,2021,0,Monday,0,Summer,26,17
8,10,2021,0,Tuesday,0,Summer,9,13
8,11,2021,0,Wednesday,0,Summer,7,16
8,12,2021,0,Thursday,0,Summer,10,7
8,13,2021,0,Friday,0,Summer,5,7
8,14,2021,0,Saturday,0,Summer,10,14
8,15,2021,0,Sunday,0,Summer,6,12
8,16,2021,0,Monday,0,Summer,4,11
8,17,2021,0,Tuesday,0,Summer,14,11
8,18,2021,0,Wednesday,0,Summer,5,7
8,19,2021,0,Thursday,0,Summer,21,6
8,20,2021,0,Friday,0,Summer,8,11
8,21,2021,0,Saturday,0,Summer,6,4
8,22,2021,0,Sunday,0,Summer,5,9
8,23,2021,0,Monday,0,Summer,4,9
8,24,2021,0,Tuesday,0,Summer,28,11
8,25,2021,0,Wednesday,0,Summer,4,5
8,26,2021,0,Thursday,0,Summer,22,6
8,27,2021,0,Friday,0,Summer,11,2
8,28,2021,0,Saturday,0,Summer,12,10
8,29,2021,0,Sunday,0,Summer,0,6
8,30,2021,0,Monday,0,Summer,32,8
8,31,2021,0,Tuesday,0,Summer,6,12
9,1,2021,0,Wednesday,1,Summer,21,17
9,2,2021,0,Thursday,1,Summer,7,10
9,3,2021,0,Friday,1,Summer,13,4
9,4,2021,0,Saturday,1,Summer,8,13
9,5,2021,0,Sunday,1,Summer,3,9
9,6,2021,0,Monday,1,Summer,1,5
9,7,2021,0,Tuesday,1,Summer,16,17
9,8,2021,0,Wednesday,1,Summer,2,11
9,9,2021,0,Thursday,1,Summer,12,10
9,10,2021,0,Friday,1,Summer,7,10
9,11,2021,0,Saturday,1,Summer,19,4
9,12,2021,0,Sunday,1,Summer,47,8
9,13,2021,0,Monday,1,Summer,25,11
9,14,2021,0,Tuesday,1,Summer,17,16
9,15,2021,0,Wednesday,1,Summer,24,16
9,16,2021,0,Thursday,1,Summer,18,12
9,17,2021,0,Friday,1,Summer,24,9
9,18,2021,0,Saturday,1,Summer,9,16
9,19,2021,0,Sunday,1,Summer,9,13
9,20,2021,0,Monday,1,Summer,14,23
9,21,2021,0,Tuesday,1,Summer,30,17
9,22,2021,0,Wednesday,1,Summer,41,12
9,23,2021,0,Thursday,1,Summer,29,8
9,24,2021,0,Friday,1,Fall,27,10
9,25,2021,0,Saturday,1,Fall,21,10
9,26,2021,0,Sunday,1,Fall,20,6
9,27,2021,0,Monday,1,Fall,10,19
9,28,2021,0,Tuesday,1,Fall,32,21
9,29,2021,0,Wednesday,1,Fall,36,15
9,30,2021,0,Thursday,1,Fall,19,13
10,1,2021,0,Friday,1,Fall,24,8
10,2,2021,0,Saturday,1,Fall,23,11
10,3,2021,0,Sunday,1,Fall,15,12
10,4,2021,0,Monday,1,Fall,19,21
10,5,2021,0,Tuesday,1,Fall,20,21
10,6,2021,0,Wednesday,1,Fall,19,20
10,7,2021,0,Thursday,1,Fall,22,20
10,8,2021,0,Friday,1,Fall,28,12
10,9,2021,0,Saturday,1,Fall,13,10
10,10,2021,0,Sunday,1,Fall,22,16
10,11,2021,0,Monday,1,Fall,11,18
10,12,2021,0,Tuesday,1,Fall,12,19
10,13,2021,0,Wednesday,1,Fall,15,9
10,14,2021,0,Thursday,1,Fall,24,16
10,15,2021,0,Friday,1,Fall,16,21
10,16,2021,0,Saturday,1,Fall,15,19
10,17,2021,0,Sunday,1,Fall,28,17
10,18,2021,0,Monday,1,Fall,23,22
10,19,2021,0,Tuesday,1,Fall,31,15
10,20,2021,0,Wednesday,1,Fall,19,24
10,21,2021,0,Thursday,1,Fall,26,17
10,22,2021,0,Friday,1,Fall,23,14
10,23,2021,0,Saturday,1,Fall,25,15
10,24,2021,0,Sunday,1,Fall,20,11
10,25,2021,0,Monday,1,Fall,20,26
10,26,2021,0,Tuesday,1,Fall,26,25
10,27,2021,0,Wednesday,1,Fall,29,15
10,28,2021,0,Thursday,1,Fall,36,15
10,29,2021,0,Friday,1,Fall,22,18
10,30,2021,0,Saturday,1,Fall,21,20
10,31,2021,0,Sunday,1,Fall,15,23
11,1,2021,0,Monday,1,Fall,23,26
11,2,2021,0,Tuesday,1,Fall,27,32
11,3,2021,0,Wednesday,1,Fall,29,23
11,4,2021,0,Thursday,1,Fall,25,24
11,5,2021,0,Friday,1,Fall,28,20
11,6,2021,0,Saturday,1,Fall,27,12
11,7,2021,0,Sunday,1,Fall,20,19
11,8,2021,0,Monday,1,Fall,41,44
11,9,2021,0,Tuesday,1,Fall,58,26
11,10,2021,0,Wednesday,1,Fall,56,24
11,11,2021,0,Thursday,1,Fall,41,17
11,12,2021,0,Friday,1,Fall,43,11
11,13,2021,0,Saturday,1,Fall,38,12
11,14,2021,0,Sunday,1,Fall,28,24
11,15,2021,0,Monday,1,Fall,29,30
11,16,2021,0,Tuesday,1,Fall,34,36
11,17,2021,0,Wednesday,1,Fall,57,36
11,18,2021,0,Thursday,1,Fall,43,33
11,19,2021,0,Friday,1,Fall,67,24
11,20,2021,0,Saturday,1,Fall,45,30
11,21,2021,0,Sunday,1,Fall,48,24
11,22,2021,0,Monday,1,Fall,41,45
11,23,2021,0,Tuesday,1,Fall,37,29
11,24,2021,0,Wednesday,1,Fall,49,27
11,25,2021,0,Thursday,1,Fall,47,10
11,26,2021,0,Friday,1,Fall,11,23
11,27,2021,0,Saturday,1,Fall,57,22
11,28,2021,0,Sunday,1,Fall,49,24
11,29,2021,0,Monday,1,Fall,47,27
11,30,2021,0,Tuesday,1,Fall,55,22
12,1,2021,0,Wednesday,1,Fall,37,26
12,2,2021,0,Thursday,1,Fall,44,22
12,3,2021,0,Friday,1,Fall,62,27
12,4,2021,0,Saturday,1,Fall,51,14
12,5,2021,0,Sunday,1,Fall,58,29
12,6,2021,0,Monday,1,Fall,39,29
12,7,2021,0,Tuesday,1,Fall,45,11
12,8,2021,0,Wednesday,1,Fall,53,22
12,9,2021,0,Thursday,1,Fall,57,18
12,10,2021,0,Friday,1,Fall,43,16
12,11,2021,0,Saturday,1,Fall,31,25
12,12,2021,0,Sunday,1,Fall,26,27
12,13,2021,0,Monday,1,Fall,24,35
12,14,2021,0,Tuesday,1,Fall,48,25
12,15,2021,0,Wednesday,1,Fall,61,28
12,16,2021,0,Thursday,1,Fall,62,11
12,17,2021,0,Friday,1,Fall,44,16
12,18,2021,0,Saturday,1,Fall,39,13
12,19,2021,0,Sunday,1,Fall,35,8
12,20,2021,0,Monday,1,Fall,39,23
12,21,2021,0,Tuesday,1,Fall,27,16
12,22,2021,0,Wednesday,1,Winter,24,17
12,23,2021,0,Thursday,1,Winter,10,12
12,24,2021,0,Friday,1,Winter,4,1
12,25,2021,0,Saturday,1,Winter,0,0
12,26,2021,0,Sunday,1,Winter,14,16
12,27,2021,0,Monday,1,Winter,9,22
12,28,2021,0,Tuesday,1,Winter,7,19
12,29,2021,0,Wednesday,1,Winter,16,20
12,30,2021,0,Thursday,1,Winter,38,16
12,31,2021,0,Friday,1,Winter,19,2
1,1,2022,0,Saturday,0,Winter,1,3
1,2,2022,0,Sunday,0,Winter,24,18
1,3,2022,0,Monday,0,Winter,12,27
1,4,2022,0,Tuesday,0,Winter,16,9
1,5,2022,0,Wednesday,0,Winter,12,17
1,6,2022,0,Thursday,0,Winter,12,13
1,7,2022,0,Friday,0,Winter,23,9
1,8,2022,0,Saturday,0,Winter,20,15
1,9,2022,0,Sunday,0,Winter,26,12
1,10,2022,0,Monday,0,Winter,27,22
1,11,2022,0,Tuesday,0,Winter,42,12
1,12,2022,0,Wednesday,0,Winter,34,11
1,13,2022,0,Thursday,0,Winter,39,9
1,14,2022,0,Friday,0,Winter,16,11
1,15,2022,0,Saturday,0,Winter,22,7
1,16,2022,0,Sunday,0,Winter,22,4
1,17,2022,0,Monday,0,Winter,29,18
1,18,2022,0,Tuesday,0,Winter,23,10
1,19,2022,0,Wednesday,0,Winter,21,16
1,20,2022,0,Thursday,0,Winter,39,7
1,21,2022,0,Friday,0,Winter,35,11
1,22,2022,0,Saturday,0,Winter,24,8
1,23,2022,0,Sunday,0,Winter,16,6
1,24,2022,0,Monday,0,Winter,20,10
1,25,2022,0,Tuesday,0,Winter,33,8
1,26,2022,0,Wednesday,0,Winter,33,13
1,27,2022,0,Thursday,0,Winter,28,10
1,28,2022,0,Friday,0,Winter,19,8
1,29,2022,0,Saturday,0,Winter,21,3
1,30,2022,0,Sunday,0,Winter,18,13
1,31,2022,0,Monday,0,Winter,18,11
2,1,2022,0,Tuesday,0,Winter,32,7
2,2,2022,0,Wednesday,0,Winter,28,8
2,3,2022,0,Thursday,0,Winter,27,8
2,4,2022,0,Friday,0,Winter,24,9
2,5,2022,0,Saturday,0,Winter,24,7
2,6,2022,0,Sunday,0,Winter,17,16
2,7,2022,0,Monday,0,Winter,20,10
2,8,2022,0,Tuesday,0,Winter,15,9
2,9,2022,0,Wednesday,0,Winter,16,9
2,10,2022,0,Thursday,0,Winter,25,7
2,11,2022,0,Friday,0,Winter,17,8
2,12,2022,0,Saturday,0,Winter,20,7
2,13,2022,0,Sunday,0,Winter,11,8
2,14,2022,0,Monday,0,Winter,17,7
2,15,2022,0,Tuesday,0,Winter,14,4
2,16,2022,0,Wednesday,0,Winter,12,8
2,17,2022,0,Thursday,0,Winter,24,10
2,18,2022,0,Friday,0,Winter,14,7
2,19,2022,0,Saturday,0,Winter,14,6
2,20,2022,0,Sunday,0,Winter,19,10
2,21,2022,0,Monday,0,Winter,20,10
2,22,2022,0,Tuesday,0,Winter,17,12
2,23,2022,0,Wednesday,0,Winter,14,12
2,24,2022,0,Thursday,0,Winter,8,6
2,25,2022,0,Friday,0,Winter,10,8
2,26,2022,0,Saturday,0,Winter,5,3
2,27,2022,0,Sunday,0,Winter,11,11
2,28,2022,0,Monday,0,Winter,7,16
3,1,2022,0,Tuesday,0,Winter,8,6
3,2,2022,0,Wednesday,0,Winter,7,8
3,3,2022,0,Thursday,0,Winter,10,11
3,4,2022,0,Friday,0,Winter,7,13
3,5,2022,0,Saturday,0,Winter,9,7
3,6,2022,0,Sunday,0,Winter,8,5
3,7,2022,0,Monday,0,Winter,13,7
3,8,2022,0,Tuesday,0,Winter,10,11
3,9,2022,0,Wednesday,0,Winter,13,10
3,10,2022,0,Thursday,0,Winter,13,2
3,11,2022,0,Friday,0,Winter,12,5
3,12,2022,0,Saturday,0,Winter,8,3
3,13,2022,0,Sunday,0,Winter,8,5
3,14,2022,0,Monday,0,Winter,9,7
3,15,2022,0,Tuesday,0,Winter,14,8
3,16,2022,0,Wednesday,0,Winter,6,10
3,17,2022,0,Thursday,0,Winter,7,5
3,18,2022,0,Friday,0,Winter,19,11
3,19,2022,0,Saturday,0,Winter,16,7
3,20,2022,0,Sunday,0,Winter,10,10
3,21,2022,0,Monday,0,Spring,15,11
3,22,2022,0,Tuesday,0,Spring,12,11
3,23,2022,0,Wednesday,0,Spring,11,5
3,24,2022,0,Thursday,0,Spring,14,8
3,25,2022,0,Friday,0,Spring,15,2
3,26,2022,0,Saturday,0,Spring,19,5
3,27,2022,0,Sunday,0,Spring,13,4
3,28,2022,0,Monday,0,Spring,10,4
3,29,2022,0,Tuesday,0,Spring,31,10
3,30,2022,0,Wednesday,0,Spring,14,7
3,31,2022,0,Thursday,0,Spring,19,11
4,1,2022,0,Friday,0,Spring,15,9
4,2,2022,0,Saturday,0,Spring,23,6
4,3,2022,0,Sunday,0,Spring,14,7
4,4,2022,0,Monday,0,Spring,22,9
4,5,2022,0,Tuesday,0,Spring,22,8
4,6,2022,0,Wednesday,0,Spring,20,8
4,7,2022,0,Thursday,0,Spring,18,12
4,8,2022,0,Friday,0,Spring,22,9
4,9,2022,0,Saturday,0,Spring,9,4
4,10,2022,0,Sunday,0,Spring,13,10
4,11,2022,0,Monday,0,Spring,20,11
4,12,2022,0,Tuesday,0,Spring,30,10
4,13,2022,0,Wednesday,0,Spring,23,9
4,14,2022,0,Thursday,0,Spring,18,5
4,15,2022,0,Friday,0,Spring,17,7
4,16,2022,0,Saturday,0,Spring,28,7
4,17,2022,0,Sunday,0,Spring,24,6
4,18,2022,0,Monday,0,Spring,21,5
4,19,2022,0,Tuesday,0,Spring,20,9
4,20,2022,0,Wednesday,0,Spring,30,9
4,21,2022,0,Thursday,0,Spring,29,8
4,22,2022,0,Friday,0,Spring,20,6
4,23,2022,0,Saturday,0,Spring,23,4
4,24,2022,0,Sunday,0,Spring,14,2
4,25,2022,0,Monday,0,Spring,15,6
4,26,2022,0,Tuesday,0,Spring,23,8
4,27,2022,0,Wednesday,0,Spring,29,2
4,28,2022,0,Thursday,0,Spring,20,7
4,29,2022,0,Friday,0,Spring,19,8
4,30,2022,0,Saturday,0,Spring,9,5
5,1,2022,0,Sunday,0,Spring,9,5
5,2,2022,0,Monday,0,Spring,8,7
5,3,2022,0,Tuesday,0,Spring,13,8
5,4,2022,0,Wednesday,0,Spring,12,9
5,5,2022,0,Thursday,0,Spring,25,5
5,6,2022,0,Friday,0,Spring,12,4
5,7,2022,0,Saturday,0,Spring,18,5
5,8,2022,0,Sunday,0,Spring,16,2
5,9,2022,0,Monday,0,Spring,11,15
5,10,2022,0,Tuesday,0,Spring,13,5
5,11,2022,0,Wednesday,0,Spring,19,3
5,12,2022,0,Thursday,0,Spring,10,4
5,13,2022,0,Friday,0,Spring,8,4
5,14,2022,0,Saturday,0,Spring,10,3
5,15,2022,0,Sunday,0,Spring,9,4
5,16,2022,0,Monday,0,Spring,10,4
5,17,2022,0,Tuesday,0,Spring,12,8
5,18,2022,0,Wednesday,0,Spring,12,3
5,19,2022,0,Thursday,0,Spring,13,7
5,20,2022,0,Friday,0,Spring,5,4
5,21,2022,0,Saturday,0,Spring,9,8
5,22,2022,0,Sunday,0,Spring,3,5
5,23,2022,0,Monday,0,Spring,11,7
5,24,2022,0,Tuesday,0,Spring,12,4
5,25,2022,0,Wednesday,0,Spring,7,2
5,26,2022,0,Thursday,0,Spring,9,1
5,27,2022,0,Friday,0,Spring,12,4
5,28,2022,0,Saturday,0,Spring,8,1
5,29,2022,0,Sunday,0,Spring,12,3
5,30,2022,0,Monday,0,Spring,10,2
5,31,2022,0,Tuesday,0,Spring,7,1
6,1,2022,0,Wednesday,0,Spring,13,6
6,2,2022,0,Thursday,0,Spring,10,0
6,3,2022,0,Friday,0,Spring,3,2
6,4,2022,0,Saturday,0,Spring,4,0
6,5,2022,0,Sunday,0,Spring,9,6
6,6,2022,0,Monday,0,Spring,13,5
6,7,2022,0,Tuesday,0,Spring,11,2
6,8,2022,0,Wednesday,0,Spring,10,3
6,9,2022,0,Thursday,0,Spring,8,2
6,10,2022,0,Friday,0,Spring,10,2
6,11,2022,0,Saturday,0,Spring,8,5
6,12,2022,0,Sunday,0,Spring,9,2
6,13,2022,0,Monday,0,Spring,9,5
6,14,2022,0,Tuesday,0,Spring,9,2
6,15,2022,0,Wednesday,0,Spring,11,5
6,16,2022,0,Thursday,0,Spring,6,3
6,17,2022,0,Friday,0,Spring,10,7
6,18,2022,0,Saturday,0,Spring,9,4
6,19,2022,0,Sunday,0,Spring,2,5
6,20,2022,0,Monday,0,Spring,13,4
6,21,2022,0,Tuesday,0,Spring,19,8
6,22,2022,0,Wednesday,0,Summer,7,1
6,23,2022,0,Thursday,0,Summer,7,1
6,24,2022,0,Friday,0,Summer,13,2
6,25,2022,0,Saturday,0,Summer,9,4
6,26,2022,0,Sunday,0,Summer,6,4
6,27,2022,0,Monday,0,Summer,8,6
6,28,2022,0,Tuesday,0,Summer,9,1
6,29,2022,0,Wednesday,0,Summer,9,4
6,30,2022,0,Thursday,0,Summer,10,4
7,1,2022,0,Friday,0,Summer,16,0
7,2,2022,0,Saturday,0,Summer,7,1
7,3,2022,0,Sunday,0,Summer,9,1
7,4,2022,0,Monday,0,Summer,1,2
7,5,2022,0,Tuesday,0,Summer,10,3
7,6,2022,0,Wednesday,0,Summer,11,3
7,7,2022,0,Thursday,0,Summer,10,2
7,8,2022,0,Friday,0,Summer,8,3
7,9,2022,0,Saturday,0,Summer,6,3
7,10,2022,0,Sunday,0,Summer,9,5
7,11,2022,0,Monday,0,Summer,10,6
7,12,2022,0,Tuesday,0,Summer,11,8
7,13,2022,0,Wednesday,0,Summer,6,4
7,14,2022,0,Thursday,0,Summer,6,1
7,15,2022,0,Friday,0,Summer,5,3
7,16,2022,0,Saturday,0,Summer,4,2
7,17,2022,0,Sunday,0,Summer,5,4
7,18,2022,0,Monday,0,Summer,12,3
7,19,2022,0,Tuesday,0,Summer,10,5
7,20,2022,0,Wednesday,0,Summer,16,3
7,21,2022,0,Thursday,0,Summer,6,5
7,22,2022,0,Friday,0,Summer,10,3
7,23,2022,0,Saturday,0,Summer,10,2
7,24,2022,0,Sunday,0,Summer,6,5
7,25,2022,0,Monday,0,Summer,8,7
7,26,2022,0,Tuesday,0,Summer,9,1
7,27,2022,0,Wednesday,0,Summer,11,1
7,28,2022,0,Thursday,0,Summer,12,4
7,29,2022,0,Friday,0,Summer,12,3
7,30,2022,0,Saturday,0,Summer,6,4
7,31,2022,0,Sunday,0,Summer,10,6
8,1,2022,0,Monday,0,Summer,11,6
8,2,2022,0,Tuesday,0,Summer,8,7
8,3,2022,0,Wednesday,0,Summer,11,5
8,4,2022,0,Thursday,0,Summer,7,5
8,5,2022,0,Friday,0,Summer,12,2
8,6,2022,0,Saturday,0,Summer,8,4
8,7,2022,0,Sunday,0,Summer,10,3
8,8,2022,0,Monday,0,Summer,8,9
8,9,2022,0,Tuesday,0,Summer,17,4
8,10,2022,0,Wednesday,0,Summer,13,3
8,11,2022,0,Thursday,0,Summer,16,4
8,12,2022,0,Friday,0,Summer,7,10
8,13,2022,0,Saturday,0,Summer,7,1
8,14,2022,0,Sunday,0,Summer,14,6
8,15,2022,0,Monday,0,Summer,12,6
8,16,2022,0,Tuesday,0,Summer,11,8
8,17,2022,0,Wednesday,0,Summer,11,7
8,18,2022,0,Thursday,0,Summer,7,4
8,19,2022,0,Friday,0,Summer,6,8
8,20,2022,0,Saturday,0,Summer,11,3
8,21,2022,0,Sunday,0,Summer,4,5
8,22,2022,0,Monday,0,Summer,9,9
8,23,2022,0,Tuesday,0,Summer,9,4
8,24,2022,0,Wednesday,0,Summer,11,9
8,25,2022,0,Thursday,0,Summer,5,4
8,26,2022,0,Friday,0,Summer,6,3
8,27,2022,0,Saturday,0,Summer,2,9
8,28,2022,0,Sunday,0,Summer,10,7
8,29,2022,0,Monday,0,Summer,6,5
8,30,2022,0,Tuesday,0,Summer,8,12
8,31,2022,0,Wednesday,0,Summer,12,5
9,1,2022,0,Thursday,1,Summer,17,4
9,2,2022,0,Friday,1,Summer,10,12
9,3,2022,0,Saturday,1,Summer,4,1
9,4,2022,0,Sunday,1,Summer,13,4
9,5,2022,0,Monday,1,Summer,9,2
9,6,2022,0,Tuesday,1,Summer,5,9
9,7,2022,0,Wednesday,1,Summer,17,5
9,8,2022,0,Thursday,1,Summer,11,5
9,9,2022,0,Friday,1,Summer,10,7
9,10,2022,0,Saturday,1,Summer,10,9
9,11,2022,0,Sunday,1,Summer,4,5
9,12,2022,0,Monday,1,Summer,8,7
9,13,2022,0,Tuesday,1,Summer,11,4
9,14,2022,0,Wednesday,1,Summer,16,9
9,15,2022,0,Thursday,1,Summer,16,8
9,16,2022,0,Friday,1,Summer,12,7
9,17,2022,0,Saturday,1,Summer,9,5
9,18,2022,0,Sunday,1,Summer,16,2
9,19,2022,0,Monday,1,Summer,13,10
9,20,2022,0,Tuesday,1,Summer,23,10
9,21,2022,0,Wednesday,1,Summer,17,11
9,22,2022,0,Thursday,1,Summer,12,10
9,23,2022,0,Friday,1,Summer,8,4
9,24,2022,0,Saturday,1,Fall,10,4
9,25,2022,0,Sunday,1,Fall,10,6
9,26,2022,0,Monday,1,Fall,6,16
9,27,2022,0,Tuesday,1,Fall,19,8
9,28,2022,0,Wednesday,1,Fall,21,0